subject_category,object_category,subject_bbox,object_bbox,source_img,y
person,bike,"(240, 516, 124, 215)","(364, 506, 68, 260)",6315641873_ed9b8892b1_b.jpg,0
person,bike,"(1, 682, 303, 681)","(366, 682, 122, 784)",8737795716_0877c162f4_b.jpg,0
horse,person,"(198, 536, 310, 738)","(133, 413, 472, 609)",2557901800_514be27c44_b.jpg,0
person,train,"(262, 420, 94, 155)","(85, 522, 1, 825)",9533523324_2f98357d2f_b.jpg,0
umbrella,person,"(8, 194, 313, 663)","(140, 969, 324, 617)",5772517433_38c7350190_b.jpg,0
umbrella,person,"(135, 239, 235, 353)","(185, 439, 267, 356)",5285385324_1b126dccf3_b.jpg,0
cat,person,"(453, 833, 189, 430)","(599, 1023, 7, 496)",6028248328_bc5eac9b5c_b.jpg,0
person,table,"(335, 767, 99, 323)","(505, 767, 240, 950)",5075675963_d2c1e7973f_b.jpg,0
person,surfboard,"(302, 328, 589, 648)","(311, 346, 558, 626)",5010532066_7a40d3472b_b.jpg,0
person,motorcycle,"(303, 578, 218, 347)","(331, 625, 119, 461)",9725059605_fcb7ebb82d_b.jpg,0
person,ball,"(260, 456, 67, 198)","(455, 497, 348, 377)",8632289488_5161e87cf2_b.jpg,0
umbrella,person,"(305, 374, 711, 839)","(357, 572, 748, 832)",8476650893_56d25c7356_b.jpg,0
cat,cat,"(513, 756, 473, 764)","(429, 570, 193, 461)",81520375_3e32327b82_b.jpg,0
motorcycle,person,"(427, 673, 554, 779)","(308, 607, 583, 764)",3706114881_c5de1137db_b.jpg,0
person,bed,"(7, 58, 216, 328)","(52, 222, 35, 610)",8287793659_831bc0feba_o.jpg,0
person,boat,"(392, 422, 344, 365)","(303, 486, 299, 445)",3030952705_07b073d5ab_b.jpg,0
person,bag,"(335, 1017, 35, 245)","(533, 707, 201, 289)",5002423744_35fbbc72d0_b.jpg,0
person,bus,"(398, 556, 563, 678)","(81, 598, 6, 897)",4124089113_54490d610c_o.jpg,0
person,ball,"(1, 683, 205, 615)","(387, 441, 964, 1024)",5663322244_ab14a5deea_b.jpg,0
person,street,"(272, 480, 25, 94)","(301, 497, 7, 881)",7296945680_4624752643_b.jpg,0
umbrella,person,"(254, 952, 113, 469)","(48, 335, 11, 950)",8623538793_7ce82c5877_b.jpg,0
person,surfboard,"(161, 571, 368, 517)","(516, 631, 289, 1015)",144007546_0d35101ccc_b.jpg,0
umbrella,person,"(100, 222, 526, 713)","(183, 500, 485, 616)",10097278376_7d00ac2c47_b.jpg,0
person,motorcycle,"(339, 503, 589, 703)","(369, 532, 520, 768)",7763421512_6a0b9613b5_b.jpg,0
umbrella,person,"(147, 201, 350, 425)","(149, 287, 348, 423)",228449286_28dbd602f8_o.jpg,0
person,bag,"(220, 644, 140, 287)","(384, 484, 160, 237)",4897374679_d7d5e793cf_b.jpg,0
person,bus,"(268, 506, 27, 119)","(90, 705, 137, 952)",9497438546_c33b3d32a9_b.jpg,0
person,surfboard,"(104, 765, 325, 877)","(118, 767, 395, 867)",168197964_90464b9c7f_b.jpg,0
horse,person,"(329, 642, 569, 715)","(291, 521, 607, 706)",4559376344_63eb53f854_b.jpg,0
person,bag,"(137, 512, 271, 384)","(347, 385, 267, 304)",5109490488_81960213da_b.jpg,0
person,motorcycle,"(458, 568, 157, 227)","(503, 608, 86, 299)",6113327202_3aa0d86675_b.jpg,0
person,horse,"(50, 367, 23, 176)","(187, 554, 24, 164)",889825699_c2777a5596_o.jpg,0
person,motorcycle,"(293, 638, 354, 496)","(375, 662, 216, 595)",6904475584_9fb06bc1bf_b.jpg,0
person,bag,"(594, 682, 382, 445)","(619, 682, 413, 447)",9299503837_8f28cc5fc8_b.jpg,0
person,motorcycle,"(345, 495, 659, 734)","(369, 532, 520, 768)",7763421512_6a0b9613b5_b.jpg,0
motorcycle,person,"(265, 787, 90, 956)","(12, 667, 306, 685)",9653931989_4cc05560e3_b.jpg,0
person,motorcycle,"(639, 767, 364, 436)","(677, 764, 327, 460)",7162772807_969b288e08_b.jpg,0
person,snowboard,"(270, 832, 525, 817)","(727, 882, 565, 810)",358180128_51bb8befb2_o.jpg,0
plane,sky,"(240, 295, 189, 320)","(1, 452, 2, 1023)",403669489_5dc6bd6b98_b.jpg,0
boat,person,"(304, 447, 56, 349)","(350, 385, 231, 249)",9612276764_253ca7b6ba_o.jpg,0
umbrella,person,"(584, 771, 537, 676)","(594, 1001, 463, 638)",5124326793_acceb2984b_b.jpg,0
umbrella,person,"(104, 582, 407, 946)","(445, 1021, 527, 862)",6935389590_de5c5ca99e_b.jpg,0
person,person,"(68, 679, 125, 704)","(5, 682, 1, 269)",8513200782_e31bd78af8_b.jpg,0
horse,person,"(178, 777, 128, 349)","(25, 539, 118, 401)",3413007462_c9cdedbecf_b.jpg,0
person,bag,"(377, 591, 547, 633)","(384, 447, 576, 631)",8449584027_4964ce99ac_b.jpg,0
person,motorcycle,"(270, 354, 428, 462)","(310, 354, 425, 465)",5735812907_55c79e40b4_b.jpg,0
person,elephant,"(347, 603, 259, 428)","(485, 767, 120, 490)",7636226412_06a101a4d6_b.jpg,0
person,horse,"(340, 789, 190, 482)","(450, 1005, 218, 456)",8905821431_efa1754087_b.jpg,0
person,skis,"(287, 1023, 168, 469)","(828, 1023, 241, 394)",5411889819_1c38b3d078_b.jpg,0
person,bag,"(366, 754, 557, 673)","(458, 619, 596, 680)",9179271597_e024490008_b.jpg,0
person,bag,"(370, 677, 618, 716)","(424, 533, 665, 710)",9427606795_c715bf4c11_b.jpg,0
truck,street,"(324, 626, 378, 839)","(486, 683, 1, 1024)",2602285885_23611d66a1_b.jpg,0
elephant,person,"(485, 767, 120, 490)","(347, 603, 259, 428)",7636226412_06a101a4d6_b.jpg,0
person,bench,"(117, 636, 434, 632)","(578, 767, 17, 1022)",4594556842_8cc62c5a17_b.jpg,0
person,skateboard,"(182, 643, 207, 537)","(392, 650, 190, 262)",3783238023_13af5f5171_o.jpg,0
person,motorcycle,"(82, 672, 226, 618)","(165, 675, 121, 706)",8366230936_7b5da87647_b.jpg,0
person,umbrella,"(149, 287, 348, 423)","(147, 201, 350, 425)",228449286_28dbd602f8_o.jpg,0
person,skateboard,"(339, 584, 228, 508)","(555, 673, 282, 457)",9000123920_480512334a_b.jpg,0
person,sand,"(582, 652, 323, 348)","(634, 681, 8, 1022)",290810440_b299210c0c_b.jpg,0
person,bag,"(85, 317, 234, 353)","(163, 308, 262, 358)",8147048051_1caef454a5_o.jpg,0
person,bag,"(435, 1023, 372, 616)","(716, 881, 324, 442)",8093545484_7b9c00966d_b.jpg,0
dog,oven,"(170, 290, 290, 369)","(128, 263, 193, 318)",3659137656_a82681d7f5_o.jpg,0
person,motorcycle,"(113, 445, 314, 621)","(249, 592, 264, 729)",7896212776_413749e9ac_b.jpg,0
motorcycle,person,"(220, 831, 62, 569)","(250, 655, 271, 419)",5105786658_a9e051affc_b.jpg,0
person,snowboard,"(569, 736, 205, 363)","(591, 797, 339, 397)",5441798399_947485e6b4_b.jpg,0
person,bag,"(318, 449, 131, 175)","(382, 423, 163, 177)",1348163097_6d49676ae8_o.jpg,0
person,bag,"(435, 681, 680, 786)","(537, 592, 679, 718)",5533444172_7fde493b71_b.jpg,0
umbrella,person,"(213, 341, 653, 988)","(339, 533, 398, 526)",9233312433_22960f99c3_b.jpg,0
horse,grass,"(278, 406, 284, 376)","(216, 470, 1, 629)",321785477_a4a4739ee5_o.jpg,0
person,grass,"(181, 377, 634, 775)","(207, 765, 1, 1024)",908984325_df6244e5b7_b.jpg,0
person,monitor,"(217, 955, 336, 913)","(280, 676, 3, 218)",836654569_589c01ec89_o.jpg,0
person,sand,"(42, 1020, 86, 405)","(783, 1004, 337, 611)",477419396_f015de8f22_b.jpg,0
bike,person,"(616, 1017, 364, 1001)","(259, 793, 591, 886)",8538884882_02c6a81024_b.jpg,0
elephant,grass,"(279, 547, 103, 329)","(74, 599, 1, 800)",5205855118_b2f6588454_b.jpg,0
person,plate,"(121, 617, 608, 865)","(572, 597, 626, 736)",7825579384_8334bb4d4e_b.jpg,0
boat,person,"(262, 1018, 3, 678)","(192, 972, 73, 338)",8716248056_9077ca1959_b.jpg,0
person,bike,"(328, 401, 554, 597)","(385, 458, 548, 599)",329110892_f81f0094ae_b.jpg,0
person,snowboard,"(176, 766, 2, 381)","(262, 284, 266, 289)",4514844043_f5154d5fb0_b.jpg,0
motorcycle,person,"(249, 592, 264, 729)","(113, 445, 314, 621)",7896212776_413749e9ac_b.jpg,0
person,bag,"(189, 494, 198, 325)","(283, 381, 241, 287)",8232450077_a5d1a17625_b.jpg,0
bike,street,"(269, 538, 79, 411)","(465, 684, 2, 1024)",4340137750_01465eff6f_b.jpg,0
person,skateboard,"(461, 541, 578, 664)","(555, 673, 282, 457)",9000123920_480512334a_b.jpg,0
person,skis,"(532, 770, 363, 455)","(710, 773, 179, 552)",4978864715_aef3ddfac3_b.jpg,0
person,umbrella,"(323, 572, 780, 919)","(328, 385, 789, 921)",8847337741_c00bae336c_b.jpg,0
person,skateboard,"(102, 446, 265, 512)","(421, 477, 350, 494)",7343744772_dff2e25075_b.jpg,0
giraffe,hand,"(11, 757, 13, 1022)","(586, 736, 325, 489)",4506438221_25577f8be9_o.jpg,0
person,motorcycle,"(87, 502, 877, 1007)","(243, 463, 732, 1003)",2522658537_0f0c78d42f_b.jpg,0
umbrella,table,"(1, 451, 83, 1021)","(386, 680, 183, 689)",4369991970_223d33567f_b.jpg,0
person,road,"(473, 554, 522, 540)","(528, 583, 487, 570)",25691390_f9944f61b5_b.jpg,0
cat,cat,"(429, 570, 193, 461)","(513, 756, 473, 764)",81520375_3e32327b82_b.jpg,0
horse,person,"(376, 804, 133, 614)","(149, 495, 267, 523)",8738943244_ef77da2d66_b.jpg,0
motorcycle,person,"(293, 327, 437, 473)","(264, 296, 453, 470)",6993148392_0f00427777_b.jpg,0
person,motorcycle,"(92, 413, 576, 711)","(194, 655, 15, 907)",6932219334_b35c5ed556_b.jpg,0
person,kite,"(543, 587, 120, 140)","(128, 141, 470, 490)",7721123202_91089fcbb9_o.jpg,0
person,skis,"(225, 347, 203, 247)","(250, 358, 197, 276)",4308944798_d7a4c1233d_o.jpg,0
person,skateboard,"(53, 296, 327, 563)","(252, 299, 436, 582)",4413965048_2ceb3ae4cf_b.jpg,0
person,snowboard,"(85, 531, 546, 1013)","(479, 545, 699, 1022)",6725777279_29b707deee_b.jpg,0
person,bag,"(445, 1021, 527, 862)","(572, 668, 543, 602)",6935389590_de5c5ca99e_b.jpg,0
person,surfboard,"(249, 410, 687, 738)","(296, 373, 592, 870)",6148444553_779a53b647_b.jpg,0
umbrella,person,"(302, 381, 519, 707)","(377, 591, 547, 633)",8449584027_4964ce99ac_b.jpg,0
person,plane,"(374, 524, 554, 621)","(290, 394, 365, 776)",6610791839_4f408b20af_b.jpg,0
umbrella,person,"(41, 201, 557, 1014)","(45, 98, 55, 100)",9228419123_90a577dfb3_b.jpg,0
motorcycle,person,"(249, 592, 264, 729)","(126, 464, 353, 613)",7896212776_413749e9ac_b.jpg,0
person,surfboard,"(209, 270, 367, 476)","(268, 333, 353, 471)",5220238976_b0daf80c57_b.jpg,0
person,skateboard,"(313, 515, 176, 353)","(484, 536, 223, 313)",4271356855_4c8b996aee_b.jpg,0
person,umbrella,"(268, 721, 301, 424)","(176, 383, 95, 425)",130033128_fe89d7fe73_b.jpg,0
person,elephant,"(272, 499, 137, 269)","(415, 830, 1, 535)",9210783409_93fee826e5_b.jpg,0
truck,person,"(304, 572, 2, 472)","(267, 459, 217, 361)",7162648307_5a350b2afd_b.jpg,0
person,motorcycle,"(38, 465, 609, 840)","(166, 544, 613, 902)",6921862812_621df0e7e8_b.jpg,0
person,bag,"(538, 663, 877, 938)","(596, 624, 875, 904)",6334247035_d7ee063c6e_b.jpg,0
person,bike,"(423, 673, 667, 789)","(519, 705, 544, 813)",7890896924_a553b5deca_b.jpg,0
airplane,street,"(240, 539, 2, 913)","(522, 603, 7, 1022)",8843742643_a759947d7a_b.jpg,0
giraffe,grass,"(120, 1005, 92, 644)","(905, 1023, 1, 764)",5925756529_5ef3a46e02_b.jpg,0
person,train,"(320, 353, 345, 375)","(226, 641, 254, 712)",3572969356_2b01616f71_b.jpg,0
truck,wheel,"(219, 436, 305, 781)","(274, 356, 505, 572)",10230032614_f611513f39_b.jpg,0
person,phone,"(269, 1010, 312, 765)","(593, 628, 441, 504)",5893396362_849399e760_b.jpg,0
motorcycle,person,"(369, 532, 520, 768)","(345, 495, 659, 734)",7763421512_6a0b9613b5_b.jpg,0
person,ball,"(296, 444, 664, 722)","(221, 234, 655, 666)",2639340643_8ccd02052a_b.jpg,0
person,person,"(75, 668, 2, 107)","(68, 648, 817, 977)",2394657984_a0ca8f25d7_b.jpg,0
person,surfboard,"(192, 598, 525, 694)","(135, 237, 259, 959)",470168958_bceeb41ef6_o.jpg,0
person,bike,"(321, 640, 292, 456)","(398, 685, 295, 464)",6936322480_4e76597d37_b.jpg,0
kite,sky,"(42, 60, 419, 431)","(3, 490, 1, 533)",4433556373_ddfabedff5_o.jpg,0
horse,grass,"(433, 616, 473, 732)","(387, 720, 6, 1023)",3686355168_d2d7b944d9_b.jpg,0
person,person,"(109, 368, 15, 123)","(81, 476, 263, 522)",6536341379_bfeab6b0b3_b.jpg,0
person,street,"(229, 610, 417, 611)","(479, 618, 1, 1052)",3788788844_c300c08cd2_o.jpg,0
person,skateboard,"(293, 562, 357, 581)","(479, 590, 358, 506)",3226579129_c5c2e9650e_b.jpg,0
person,motorcycle,"(206, 551, 408, 660)","(252, 605, 404, 666)",8081364427_9a127174a2_b.jpg,0
person,person,"(131, 740, 46, 277)","(154, 739, 385, 586)",8339575908_ecdb085d01_b.jpg,0
person,bag,"(392, 600, 843, 896)","(439, 491, 867, 921)",8439427202_489a54c16e_b.jpg,0
person,motorcycle,"(297, 435, 863, 937)","(343, 439, 819, 973)",8073566196_1479f7842d_b.jpg,0
person,bike,"(1, 682, 303, 681)","(359, 681, 165, 782)",8737795716_0877c162f4_b.jpg,0
person,surfboard,"(379, 584, 310, 384)","(404, 527, 209, 386)",9356671403_1a840fa02b_b.jpg,0
person,grass,"(121, 624, 273, 469)","(407, 674, 15, 1017)",7395494510_638e25d48b_b.jpg,0
person,street,"(196, 311, 6, 53)","(250, 749, 1, 999)",21604191_3755c03758_o.jpg,0
person,bag,"(378, 644, 65, 190)","(530, 575, 90, 120)",7378129798_4589bb2503_b.jpg,0
person,street,"(294, 843, 497, 655)","(758, 1024, 1, 680)",2787814392_2abe0f2c9d_b.jpg,0
person,bike,"(110, 302, 281, 373)","(168, 330, 283, 529)",4942728226_fde93cd159_o.jpg,0
person,phone,"(301, 795, 262, 542)","(448, 493, 232, 280)",5893396362_849399e760_b.jpg,0
person,motorcycle,"(7, 607, 301, 765)","(7, 683, 6, 1021)",7122873421_aaae369b9d_b.jpg,0
person,monitor,"(158, 637, 175, 597)","(134, 493, 789, 1022)",772311319_d6d7449571_b.jpg,0
person,motorcycle,"(329, 427, 258, 315)","(378, 435, 227, 353)",7709024968_ce77584b45_b.jpg,0
motorcycle,person,"(165, 675, 121, 706)","(82, 672, 226, 618)",8366230936_7b5da87647_b.jpg,0
person,street,"(163, 766, 432, 654)","(213, 761, 1, 1023)",449583699_8c0d2d2b70_b.jpg,0
person,kite,"(649, 884, 315, 420)","(229, 282, 165, 215)",194872763_0593c92057_b.jpg,0
person,pillow,"(193, 867, 336, 638)","(396, 597, 429, 525)",5114751201_376206c4d9_b.jpg,0
person,monitor,"(467, 1200, 159, 406)","(411, 618, 426, 688)",1807338675_5e13fe07f9_o.jpg,0
person,kite,"(219, 761, 1, 365)","(313, 350, 397, 426)",5702585862_4ae1b1d7b3_b.jpg,0
person,skateboard,"(157, 623, 392, 630)","(293, 446, 373, 622)",2958170227_bf708d72b8_b.jpg,0
horse,grass,"(363, 462, 418, 510)","(437, 764, 1, 893)",10131308045_396d053b7e_b.jpg,0
person,laptop,"(188, 429, 259, 421)","(308, 376, 152, 251)",88174066_035cae416a_b.jpg,0
person,skateboard,"(104, 320, 453, 593)","(229, 387, 459, 534)",7916239006_475c5f6123_b.jpg,0
person,skateboard,"(52, 518, 109, 414)","(486, 555, 237, 425)",4142557909_381efb657c_b.jpg,0
umbrella,person,"(31, 423, 198, 820)","(238, 586, 430, 663)",8252946447_07db876128_b.jpg,0
person,laptop,"(215, 680, 753, 1022)","(342, 679, 467, 810)",3760552218_ce8da800b2_b.jpg,0
umbrella,cart,"(82, 329, 13, 408)","(405, 549, 123, 324)",18639687_a10408144b_b.jpg,0
person,street,"(1, 341, 343, 557)","(1, 294, 1, 1021)",5593848954_5a45f3dfd8_b.jpg,0
umbrella,person,"(721, 1162, 454, 745)","(711, 968, 493, 841)",947317936_6816fc0426_o.jpg,0
cat,bear,"(104, 766, 460, 874)","(243, 766, 131, 534)",2784459739_6c85ccf6c0_b.jpg,0
person,person,"(320, 768, 671, 965)","(396, 766, 504, 769)",6120472221_77e3d3ccc4_b.jpg,0
person,kite,"(462, 800, 258, 511)","(445, 498, 241, 334)",4433556373_ddfabedff5_o.jpg,0
person,bag,"(348, 721, 310, 423)","(424, 522, 282, 361)",5002423744_35fbbc72d0_b.jpg,0
person,person,"(95, 1018, 3, 247)","(199, 1021, 332, 751)",8074966620_aa0239f67a_b.jpg,0
umbrella,person,"(120, 766, 609, 1022)","(2, 334, 135, 1022)",3219963856_5fa77f80f6_b.jpg,0
person,skis,"(138, 638, 721, 895)","(515, 638, 735, 907)",3347618976_d35879f780_o.jpg,0
bike,street,"(224, 625, 451, 1019)","(465, 684, 2, 1024)",4340137750_01465eff6f_b.jpg,0
person,skis,"(2, 168, 50, 117)","(1, 33, 3, 178)",6836771089_63a057a857_b.jpg,0
person,person,"(289, 606, 572, 775)","(309, 621, 766, 887)",4194507127_ce2af2e0a4_b.jpg,0
person,skateboard,"(124, 309, 718, 811)","(207, 256, 239, 314)",8990943637_5bbec8ef7b_b.jpg,0
person,umbrella,"(464, 766, 35, 140)","(363, 540, 1, 214)",6796174521_a37181203d_b.jpg,0
person,sand,"(273, 769, 318, 543)","(287, 772, 6, 949)",5327324595_17ed3f0c00_b.jpg,0
clock,chair,"(110, 313, 290, 454)","(55, 662, 203, 575)",2208557378_fc8513bb35_o.jpg,0
person,bus,"(262, 617, 153, 257)","(16, 623, 136, 1023)",5920945567_d978b5c80c_b.jpg,0
person,bag,"(365, 493, 310, 358)","(439, 476, 340, 360)",260871573_a9a64ec789_o.jpg,0
person,motorcycle,"(628, 890, 368, 503)","(769, 931, 278, 627)",7351203646_b97040e8c0_b.jpg,0
person,skateboard,"(30, 456, 581, 812)","(331, 469, 626, 782)",5450713291_453f531b82_b.jpg,0
person,skateboard,"(252, 503, 273, 432)","(449, 522, 334, 395)",2971338356_6a50d8e6a1_b.jpg,0
hat,person,"(47, 100, 260, 332)","(48, 445, 211, 358)",2797293301_713a9a64ab_o.jpg,0
person,sand,"(122, 736, 547, 886)","(582, 766, 24, 1019)",174733606_147c9f7504_b.jpg,0
person,surfboard,"(222, 516, 229, 348)","(302, 429, 101, 545)",7017097427_40209fd608_b.jpg,0
person,horse,"(46, 403, 538, 698)","(101, 599, 520, 880)",8722022301_af1bc59cf3_b.jpg,0
person,street,"(212, 932, 100, 355)","(758, 1024, 1, 680)",2787814392_2abe0f2c9d_b.jpg,0
person,bag,"(637, 751, 641, 706)","(671, 751, 659, 710)",813811775_b31e363580_b.jpg,0
dog,boat,"(304, 413, 406, 589)","(274, 678, 3, 1021)",6274515664_35f4967bd5_b.jpg,0
person,street,"(285, 433, 64, 122)","(377, 432, 1, 357)",6883648073_b7ce5d4559_b.jpg,0
person,elephant,"(340, 472, 222, 330)","(415, 830, 1, 535)",9210783409_93fee826e5_b.jpg,0
person,phone,"(104, 759, 188, 662)","(278, 328, 427, 457)",5931176358_e5cf96dc70_b.jpg,0
person,horse,"(133, 413, 472, 609)","(198, 536, 310, 738)",2557901800_514be27c44_b.jpg,0
person,boat,"(370, 662, 13, 157)","(241, 266, 604, 968)",4869456397_8f42747a22_b.jpg,0
jacket,person,"(320, 567, 523, 768)","(270, 832, 525, 817)",358180128_51bb8befb2_o.jpg,0
motorcycle,person,"(307, 432, 116, 354)","(236, 416, 178, 282)",8073566196_1479f7842d_b.jpg,0
person,bag,"(130, 333, 833, 912)","(212, 255, 886, 912)",8990943637_5bbec8ef7b_b.jpg,0
person,skateboard,"(31, 444, 407, 585)","(371, 504, 401, 535)",5073960523_d526336526_b.jpg,0
airplane,grass,"(57, 576, 81, 881)","(344, 675, 9, 1024)",7475825432_8de7529419_b.jpg,0
person,grass,"(543, 587, 120, 140)","(484, 610, 1, 611)",7721123202_91089fcbb9_o.jpg,0
person,snowboard,"(572, 743, 194, 355)","(591, 797, 339, 397)",5441798399_947485e6b4_b.jpg,0
person,bike,"(114, 254, 99, 179)","(150, 282, 150, 195)",221833288_151076a9ae_o.jpg,0
person,grass,"(649, 884, 315, 420)","(769, 1021, 6, 675)",194872763_0593c92057_b.jpg,0
car,street,"(596, 652, 534, 633)","(549, 958, 1, 1280)",4632619505_df6cd387ee_o.jpg,0
person,grass,"(159, 758, 333, 621)","(235, 760, 3, 1023)",378941452_051bebe51e_b.jpg,0
cat,sink,"(164, 776, 153, 638)","(80, 1023, 64, 731)",3744665785_186bdee5d2_b.jpg,0
person,bag,"(324, 495, 203, 309)","(411, 476, 206, 311)",7397873180_6683ae6830_b.jpg,0
bike,person,"(558, 668, 580, 638)","(475, 642, 577, 655)",8684808811_3d283a10b4_b.jpg,0
bike,road,"(871, 1021, 236, 330)","(855, 1019, 1, 99)",6225578706_25d3693e3b_b.jpg,0
person,car,"(127, 280, 679, 793)","(178, 612, 155, 911)",4018027151_68cc71daa9_b.jpg,0
person,elephant,"(184, 389, 471, 561)","(112, 385, 215, 401)",6244398259_cfcbb61cc1_o.jpg,0
person,horse,"(25, 539, 118, 401)","(178, 777, 128, 349)",3413007462_c9cdedbecf_b.jpg,0
person,sand,"(169, 424, 498, 553)","(318, 612, 1, 1023)",6054335817_cda0e0e9f6_b.jpg,0
person,surfboard,"(230, 618, 110, 296)","(327, 499, 114, 406)",6340199779_a1844a9946_b.jpg,0
person,skateboard,"(1, 848, 54, 571)","(713, 902, 153, 666)",3973218157_a053642dd0_o.jpg,0
person,surfboard,"(195, 623, 312, 594)","(557, 653, 169, 866)",144007437_20fe72bc7d_b.jpg,0
person,person,"(140, 346, 39, 260)","(277, 654, 582, 847)",9234587369_1b2f698224_b.jpg,0
person,skateboard,"(1, 608, 22, 486)","(557, 693, 123, 332)",3987015354_c5756d9dc2_b.jpg,0
person,skis,"(229, 765, 135, 316)","(629, 762, 194, 485)",4302760385_13809e1dcc_b.jpg,0
person,person,"(648, 767, 203, 329)","(317, 560, 453, 749)",3229380320_29c0cbda66_b.jpg,0
table,keyboard,"(331, 592, 6, 1279)","(470, 554, 631, 1004)",68121583_983f022c3c_o.jpg,0
glasses,cabinet,"(393, 574, 158, 393)","(319, 600, 142, 419)",5465451880_49cf298b5f_b.jpg,0
person,skateboard,"(462, 543, 559, 598)","(533, 550, 552, 594)",3725872184_96907519bd_b.jpg,0
person,sand,"(651, 700, 938, 962)","(554, 765, 10, 1022)",3475527366_e262322074_b.jpg,0
person,bike,"(772, 822, 285, 312)","(801, 840, 291, 311)",5344500669_4fc19c8849_b.jpg,0
person,ramp,"(50, 295, 597, 701)","(231, 328, 119, 802)",4813907028_9c13e14029_b.jpg,0
coat,person,"(381, 543, 460, 588)","(340, 642, 449, 586)",3092995689_e17a9e1241_b.jpg,0
person,cat,"(59, 369, 535, 747)","(465, 603, 116, 374)",2184272822_8d512efdc2_b.jpg,0
person,phone,"(120, 763, 38, 420)","(422, 469, 303, 381)",8174126404_192257d449_b.jpg,0
bus,person,"(215, 972, 8, 946)","(148, 270, 385, 449)",7440734920_03007b1f3f_b.jpg,0
person,bus,"(11, 81, 337, 398)","(1, 367, 1, 611)",8147048051_1caef454a5_o.jpg,0
person,person,"(195, 442, 920, 1014)","(1, 574, 149, 386)",8998531909_2a4a852b83_b.jpg,0
person,boat,"(356, 411, 99, 158)","(319, 485, 51, 603)",5415160205_15e9e4f4c6_b.jpg,0
umbrella,person,"(41, 201, 557, 1014)","(261, 412, 893, 1016)",9228419123_90a577dfb3_b.jpg,0
bike,bus,"(448, 562, 745, 931)","(313, 568, 574, 905)",5531553540_2aee4a0092_b.jpg,0
person,grass,"(199, 340, 205, 243)","(207, 765, 1, 1024)",908984325_df6244e5b7_b.jpg,0
person,plate,"(301, 628, 462, 700)","(593, 618, 538, 612)",3364994882_b2a34e424b_b.jpg,0
person,kite,"(122, 736, 547, 886)","(172, 209, 507, 546)",174733606_147c9f7504_b.jpg,0
person,bike,"(475, 642, 577, 655)","(558, 668, 580, 638)",8684808811_3d283a10b4_b.jpg,0
person,kite,"(803, 880, 276, 310)","(743, 861, 418, 588)",248100894_27d190374e_b.jpg,0
person,cup,"(302, 681, 251, 408)","(394, 442, 373, 405)",8252984699_df6b31d1c0_b.jpg,0
person,motorcycle,"(122, 468, 372, 691)","(275, 613, 276, 785)",8019688104_1695767342_b.jpg,0
dog,car,"(431, 635, 361, 666)","(255, 807, 7, 1197)",142866020_ee7b622313_o.jpg,0
person,kite,"(589, 634, 521, 556)","(399, 449, 517, 546)",5086731538_ece3200089_b.jpg,0
person,skateboard,"(228, 375, 152, 209)","(355, 383, 175, 217)",4715741115_79fee53b38_b.jpg,0
person,cone,"(223, 555, 757, 901)","(375, 616, 476, 576)",5614753837_b687009307_b.jpg,0
vase,plant,"(676, 953, 290, 492)","(176, 685, 27, 635)",5845954362_88d2cb3a2c_b.jpg,0
person,motorcycle,"(93, 682, 258, 640)","(195, 677, 11, 742)",6721496819_b7dd80e497_b.jpg,0
person,surfboard,"(63, 682, 22, 353)","(110, 681, 392, 460)",2749003094_33e04079be_b.jpg,0
dog,motorcycle,"(417, 518, 339, 434)","(278, 703, 504, 1021)",3291716257_cf9de8ece1_b.jpg,0
person,basket,"(362, 420, 110, 147)","(402, 419, 121, 143)",221843432_1a0e97030f_b.jpg,0
motorcycle,person,"(378, 435, 227, 353)","(329, 427, 258, 315)",7709024968_ce77584b45_b.jpg,0
motorcycle,person,"(166, 544, 613, 902)","(38, 465, 609, 840)",6921862812_621df0e7e8_b.jpg,0
person,person,"(664, 779, 522, 563)","(615, 786, 464, 566)",477419396_f015de8f22_b.jpg,0
plane,sky,"(328, 348, 503, 537)","(1, 378, 2, 1020)",8614640980_b9d549c11e_b.jpg,0
motorcycle,road,"(51, 677, 2, 1022)","(277, 719, 3, 1021)",6880719187_7660626e0f_b.jpg,0
person,camera,"(71, 682, 548, 1024)","(274, 384, 612, 735)",6035571031_dccb7dd7b4_b.jpg,0
motorcycle,street,"(310, 475, 440, 557)","(292, 500, 2, 889)",8295620910_5ed4cc38dc_b.jpg,0
person,sofa,"(179, 597, 86, 358)","(261, 590, 2, 457)",6915517513_8f95acd872_b.jpg,0
jacket,person,"(259, 363, 553, 651)","(225, 489, 554, 677)",3363659689_68dbf1bb01_b.jpg,0
person,street,"(3, 574, 150, 382)","(304, 574, 7, 1021)",8998531909_2a4a852b83_b.jpg,0
person,bike,"(414, 554, 809, 864)","(490, 555, 819, 844)",9108877160_b796980c6c_b.jpg,0
person,table,"(64, 478, 34, 147)","(251, 602, 70, 584)",8211861948_c79d57c96a_o.jpg,0
person,sand,"(174, 525, 320, 460)","(470, 558, 4, 831)",8717146210_5b0ea2b520_b.jpg,0
person,bag,"(495, 730, 29, 102)","(587, 645, 67, 99)",6512050691_4eb8892c9b_b.jpg,0
person,kite,"(383, 653, 256, 416)","(335, 584, 94, 291)",3399252741_f9646c2711_b.jpg,0
hat,person,"(313, 351, 629, 676)","(308, 607, 583, 764)",3706114881_c5de1137db_b.jpg,0
person,laptop,"(77, 693, 406, 933)","(325, 644, 1, 395)",4536776986_0e75095fcb_b.jpg,0
person,bag,"(94, 549, 726, 946)","(326, 485, 823, 945)",15535246_bb38d8c73b_b.jpg,0
person,table,"(426, 869, 440, 532)","(726, 1021, 330, 678)",7399342972_d7c46f5e49_b.jpg,0
person,surfboard,"(292, 736, 212, 594)","(388, 580, 215, 590)",2728295995_5a4d20b330_b.jpg,0
person,boat,"(93, 337, 837, 934)","(50, 627, 148, 594)",8514141980_2c94b4d5aa_b.jpg,0
person,skateboard,"(751, 880, 269, 393)","(856, 894, 364, 392)",5520558107_6d8bec0dac_b.jpg,0
umbrella,person,"(711, 968, 493, 841)","(721, 1162, 454, 745)",947317936_6816fc0426_o.jpg,0
person,person,"(416, 513, 649, 732)","(416, 534, 664, 764)",5799663109_13a294c6f7_b.jpg,0
umbrella,person,"(99, 280, 579, 1022)","(484, 670, 743, 866)",1560261206_dff0ecb242_b.jpg,0
person,motorcycle,"(308, 607, 583, 764)","(427, 673, 554, 779)",3706114881_c5de1137db_b.jpg,0
person,skateboard,"(237, 675, 183, 560)","(731, 886, 181, 486)",4886337019_438df8bdd3_b.jpg,0
person,tower,"(916, 1018, 420, 458)","(36, 936, 203, 468)",9689719237_c619e12bc6_b.jpg,0
person,ball,"(419, 996, 250, 465)","(245, 311, 346, 415)",5482559_20a5cea666_b.jpg,0
umbrella,person,"(2, 334, 135, 1022)","(120, 766, 609, 1022)",3219963856_5fa77f80f6_b.jpg,0
person,bag,"(780, 1014, 140, 223)","(921, 970, 128, 157)",253214757_cf91b11038_b.jpg,0
cat,monitor,"(504, 748, 127, 389)","(71, 432, 477, 883)",141024523_bfe05f97de_b.jpg,0
tree,person,"(1, 385, 347, 1019)","(326, 384, 881, 968)",7643907808_53bc952de3_b.jpg,0
person,motorcycle,"(174, 646, 155, 371)","(264, 639, 112, 504)",6472054231_c7facdaccf_b.jpg,0
person,bag,"(868, 1019, 410, 514)","(956, 984, 478, 503)",1928888381_e99699c73f_b.jpg,0
person,road,"(440, 542, 747, 803)","(450, 844, 1, 1272)",135119001_429d871932_o.jpg,0
person,skateboard,"(347, 561, 53, 149)","(511, 556, 95, 136)",5221805478_64e2bc375a_b.jpg,0
person,bike,"(313, 574, 57, 196)","(422, 597, 95, 146)",3859743251_72b1195c5f_b.jpg,0
person,truck,"(114, 541, 224, 386)","(186, 636, 152, 892)",8591280382_d7a26282b1_b.jpg,0
car,street,"(399, 612, 901, 1023)","(287, 634, 679, 1023)",3067774724_772e7518e4_b.jpg,0
person,skateboard,"(130, 568, 349, 752)","(535, 604, 448, 650)",5583851506_4ba593ef2e_b.jpg,0
person,ball,"(256, 493, 556, 704)","(455, 497, 348, 377)",8632289488_5161e87cf2_b.jpg,0
person,bike,"(348, 402, 497, 538)","(373, 411, 484, 553)",9364308213_d001eb5264_b.jpg,0
person,horse,"(120, 318, 274, 352)","(228, 521, 193, 465)",3925492730_6376a76cc0_o.jpg,0
person,umbrella,"(492, 936, 410, 577)","(465, 627, 398, 647)",7619247358_08bc495f66_b.jpg,0
person,surfboard,"(371, 394, 555, 565)","(360, 376, 555, 569)",7783261130_51deac56d4_b.jpg,0
umbrella,person,"(365, 617, 221, 713)","(435, 1023, 372, 616)",8093545484_7b9c00966d_b.jpg,0
truck,grass,"(22, 160, 395, 593)","(85, 587, 21, 590)",6312836326_7446f52dc3_o.jpg,0
person,motorcycle,"(524, 550, 876, 907)","(543, 589, 873, 895)",256409626_cde91d5d08_o.jpg,0
person,motorcycle,"(1, 726, 240, 793)","(195, 826, 22, 945)",6947893621_9a1a712c6b_b.jpg,0
elephant,grass,"(38, 557, 416, 798)","(74, 599, 1, 800)",5205855118_b2f6588454_b.jpg,0
umbrella,person,"(365, 423, 623, 816)","(388, 656, 631, 728)",6585226241_23909ae250_b.jpg,0
person,surfboard,"(220, 608, 588, 727)","(312, 471, 330, 967)",470168958_bceeb41ef6_o.jpg,0
person,horse,"(149, 495, 267, 523)","(376, 804, 133, 614)",8738943244_ef77da2d66_b.jpg,0
person,skateboard,"(11, 559, 220, 929)","(430, 554, 18, 763)",7003475342_7400477e2b_b.jpg,0
person,bag,"(335, 459, 212, 268)","(402, 447, 243, 266)",1384863889_41b7a322b6_b.jpg,0
person,sand,"(634, 754, 495, 530)","(648, 766, 1, 1018)",2387819502_17bff9fb12_o.jpg,0
person,bag,"(388, 656, 631, 728)","(484, 534, 706, 744)",6585226241_23909ae250_b.jpg,0
person,phone,"(137, 577, 743, 1023)","(427, 519, 774, 862)",4182606991_8bcce83e7a_b.jpg,0
person,truck,"(264, 364, 522, 604)","(335, 597, 362, 934)",2167504551_05f9305272_b.jpg,0
person,street,"(215, 395, 320, 420)","(307, 463, 4, 1024)",2650164083_5ed73ba2ae_b.jpg,0
person,suitcase,"(118, 443, 532, 635)","(296, 404, 502, 570)",9637594607_4a315f5084_b.jpg,0
person,kite,"(320, 491, 273, 370)","(149, 219, 556, 592)",3524120106_02fce9c97a_b.jpg,0
person,bike,"(885, 1023, 302, 396)","(989, 1023, 305, 398)",4642418191_38340c3dfc_b.jpg,0
person,bag,"(262, 420, 94, 155)","(302, 405, 62, 110)",9533523324_2f98357d2f_b.jpg,0
person,train,"(230, 428, 318, 391)","(93, 569, 308, 1023)",6883648073_b7ce5d4559_b.jpg,0
person,umbrella,"(8, 659, 1, 95)","(6, 178, 5, 180)",5655908408_205e07d6f9_b.jpg,0
person,boat,"(163, 321, 805, 846)","(458, 543, 372, 761)",5660128107_b0cf7cac4e_b.jpg,0
horse,person,"(694, 991, 448, 764)","(570, 840, 522, 643)",187448937_fdb1809fe3_b.jpg,0
person,skateboard,"(380, 849, 283, 1201)","(613, 835, 193, 314)",3977556375_3841d98215_o.jpg,0
jacket,person,"(406, 474, 39, 109)","(362, 482, 15, 131)",9107216826_8cd62d7b38_b.jpg,0
chair,person,"(560, 682, 213, 354)","(468, 586, 240, 357)",7172868795_42b01c7194_b.jpg,0
person,camera,"(245, 504, 828, 962)","(327, 383, 930, 963)",5650121787_51818ff39a_b.jpg,0
person,bag,"(467, 977, 412, 601)","(729, 866, 503, 587)",280636459_f71051b213_b.jpg,0
person,person,"(1, 766, 467, 1022)","(231, 767, 81, 592)",4096329293_8cff59e047_b.jpg,0
person,street,"(728, 780, 329, 360)","(672, 1024, 133, 762)",8340678534_4a18952ba6_b.jpg,0
person,computer,"(1, 166, 1, 161)","(2, 927, 749, 1277)",3627169702_b76201f41b_o.jpg,0
person,ball,"(314, 1014, 412, 611)","(44, 127, 501, 582)",5847791560_84f9db5717_b.jpg,0
person,bike,"(502, 688, 840, 910)","(575, 685, 839, 908)",297230542_430b2df049_b.jpg,0
person,bike,"(446, 615, 406, 484)","(531, 666, 378, 530)",475858069_44d2a6c7a2_b.jpg,0
motorcycle,person,"(243, 463, 732, 1003)","(87, 502, 877, 1007)",2522658537_0f0c78d42f_b.jpg,0
jacket,person,"(154, 458, 126, 361)","(45, 516, 120, 351)",8410020039_14235a2bef_b.jpg,0
person,street,"(121, 766, 119, 445)","(213, 761, 1, 1023)",449583699_8c0d2d2b70_b.jpg,0
person,person,"(262, 1020, 422, 674)","(360, 1009, 193, 430)",5698768778_c82c02ae96_b.jpg,0
person,bag,"(594, 682, 382, 445)","(667, 682, 389, 401)",9299503837_8f28cc5fc8_b.jpg,0
person,person,"(300, 584, 465, 576)","(354, 448, 481, 519)",8932808745_e1fd020884_b.jpg,0
person,skateboard,"(188, 515, 292, 593)","(189, 350, 326, 591)",2591480029_ac370d8bbd_o.jpg,0
person,camera,"(888, 1023, 160, 232)","(902, 1023, 118, 190)",7238699884_6ab55752d5_b.jpg,0
person,train,"(307, 420, 209, 242)","(140, 509, 392, 687)",8620948179_f71f8bce88_b.jpg,0
person,car,"(200, 335, 770, 836)","(245, 360, 828, 1023)",7562763590_e45aec394f_b.jpg,0
person,person,"(201, 438, 79, 264)","(165, 362, 622, 708)",4745633521_bda043e890_b.jpg,0
car,street,"(735, 826, 18, 171)","(682, 1022, 1, 767)",3125233905_b566622f77_b.jpg,0
person,horse,"(111, 541, 250, 485)","(254, 725, 267, 482)",8582481326_93bd2474e8_b.jpg,0
umbrella,table,"(94, 175, 306, 590)","(336, 489, 324, 458)",2113966890_c65030a7e7_o.jpg,0
person,skateboard,"(130, 393, 290, 615)","(294, 403, 269, 406)",5050401646_243ec70e2f_b.jpg,0
person,monitor,"(65, 360, 405, 542)","(75, 159, 419, 576)",6932219334_b35c5ed556_b.jpg,0
person,boat,"(261, 599, 155, 361)","(196, 596, 1, 796)",7388723_b2f1942363_o.jpg,0
person,skateboard,"(79, 506, 930, 1023)","(290, 367, 378, 414)",4715741115_79fee53b38_b.jpg,0
person,umbrella,"(155, 270, 303, 355)","(138, 168, 301, 372)",228449286_28dbd602f8_o.jpg,0
umbrella,person,"(225, 980, 365, 726)","(85, 312, 175, 607)",6338124303_e427ed5066_b.jpg,0
boat,person,"(196, 596, 1, 796)","(261, 599, 155, 361)",7388723_b2f1942363_o.jpg,0
person,horse,"(280, 581, 351, 547)","(431, 588, 173, 713)",9595192889_f25d37597f_b.jpg,0
person,kite,"(340, 938, 558, 766)","(335, 584, 94, 291)",3399252741_f9646c2711_b.jpg,0
person,skateboard,"(177, 428, 488, 694)","(359, 416, 645, 695)",4298749514_9a568a5d38_b.jpg,0
person,skateboard,"(208, 371, 328, 390)","(291, 367, 383, 417)",4715741115_79fee53b38_b.jpg,0
person,bike,"(289, 477, 256, 365)","(375, 507, 259, 361)",7670142550_684c8c8d64_b.jpg,0
person,surfboard,"(90, 704, 337, 602)","(168, 765, 328, 574)",5160167431_333df149ee_b.jpg,0
person,horse,"(189, 319, 824, 902)","(281, 537, 653, 1011)",6352669672_be64bd9687_b.jpg,0
person,street,"(789, 1022, 205, 272)","(900, 1023, 124, 769)",8254453084_944209de6b_b.jpg,0
person,bag,"(432, 550, 339, 384)","(493, 542, 320, 347)",6067410702_b7393a7fc1_b.jpg,0
umbrella,person,"(31, 423, 198, 820)","(267, 682, 233, 413)",8252946447_07db876128_b.jpg,0
person,kite,"(654, 814, 535, 632)","(156, 185, 490, 521)",194872763_0593c92057_b.jpg,0
motorcycle,person,"(195, 826, 22, 945)","(1, 726, 240, 793)",6947893621_9a1a712c6b_b.jpg,0
person,horse,"(46, 731, 532, 783)","(204, 730, 423, 836)",8689305154_5f29498e64_b.jpg,0
person,luggage,"(3, 1023, 5, 577)","(712, 1023, 334, 582)",2451919106_e57dd14435_b.jpg,0
train,person,"(226, 641, 254, 712)","(275, 346, 440, 489)",3572969356_2b01616f71_b.jpg,0
person,skateboard,"(224, 450, 579, 662)","(420, 445, 583, 636)",6103715639_b802991e1c_b.jpg,0
person,sand,"(230, 618, 110, 296)","(605, 683, 4, 1017)",6340199779_a1844a9946_b.jpg,0
person,horse,"(136, 565, 495, 650)","(269, 681, 113, 966)",1040603106_85ad669221_b.jpg,0
kite,person,"(445, 498, 241, 334)","(462, 800, 258, 511)",4433556373_ddfabedff5_o.jpg,0
person,plate,"(239, 550, 381, 559)","(489, 548, 456, 550)",7830346910_cc93f5f8c4_b.jpg,0
person,motorcycle,"(264, 296, 453, 470)","(293, 327, 437, 473)",6993148392_0f00427777_b.jpg,0
person,skateboard,"(7, 418, 252, 771)","(391, 472, 312, 505)",2600768187_e5fe8071ab_o.jpg,0
person,boat,"(350, 385, 231, 249)","(304, 447, 56, 349)",9612276764_253ca7b6ba_o.jpg,0
person,bike,"(458, 681, 198, 324)","(565, 741, 207, 326)",503178948_3d93953e2c_b.jpg,0
dog,tree,"(356, 453, 94, 169)","(4, 487, 5, 200)",2392526741_f0f7b6f5e7_b.jpg,0
person,street,"(167, 402, 437, 541)","(307, 463, 4, 1024)",2650164083_5ed73ba2ae_b.jpg,0
person,horse,"(291, 521, 607, 706)","(329, 642, 569, 715)",4559376344_63eb53f854_b.jpg,0
person,jacket,"(503, 694, 659, 728)","(587, 681, 650, 691)",9554427249_919da513fa_b.jpg,0
pillow,sofa,"(565, 695, 165, 271)","(544, 823, 88, 484)",3748124407_ea61a72f15_b.jpg,0
person,street,"(221, 621, 54, 176)","(358, 682, 2, 1005)",7761061442_3705401aaf_b.jpg,0
person,horse,"(255, 600, 312, 497)","(358, 737, 328, 458)",9352820210_664758d4f1_b.jpg,0
basket,bag,"(254, 464, 407, 672)","(209, 312, 446, 617)",406856735_e2383b9445_o.jpg,0
person,truck,"(267, 459, 217, 361)","(304, 572, 2, 472)",7162648307_5a350b2afd_b.jpg,0
bear,grass,"(204, 663, 310, 821)","(3, 705, 2, 1022)",8023304129_f8c0ab0172_b.jpg,0
person,horse,"(248, 589, 689, 892)","(555, 680, 311, 1023)",9595192889_f25d37597f_b.jpg,0
jacket,person,"(182, 409, 361, 519)","(136, 606, 354, 520)",5327343084_a5d22112d2_b.jpg,0
person,skateboard,"(18, 851, 27, 471)","(612, 878, 160, 380)",5773112490_3eccf9c352_b.jpg,0
person,surfboard,"(173, 402, 523, 672)","(380, 421, 376, 802)",7528392004_5a2ca89b45_b.jpg,0
person,motorcycle,"(192, 675, 355, 704)","(395, 677, 128, 1005)",9421179933_1b652d6e78_b.jpg,0
person,skateboard,"(301, 546, 298, 536)","(444, 542, 328, 460)",5012012351_d903a3171b_b.jpg,0
person,kite,"(390, 892, 46, 196)","(251, 556, 949, 1277)",523628458_fabab83cbc_o.jpg,0
person,motorcycle,"(105, 349, 317, 464)","(184, 384, 289, 513)",221833288_151076a9ae_o.jpg,0
horse,person,"(269, 681, 113, 966)","(136, 565, 495, 650)",1040603106_85ad669221_b.jpg,0
umbrella,person,"(85, 312, 175, 607)","(225, 980, 365, 726)",6338124303_e427ed5066_b.jpg,0
person,suitcase,"(55, 650, 376, 623)","(597, 886, 21, 470)",3377145238_b5146ff8ed_b.jpg,0
person,motorcycle,"(64, 557, 519, 723)","(57, 646, 224, 1000)",7799644968_66d57bce75_b.jpg,0
person,skateboard,"(198, 794, 3, 560)","(567, 834, 360, 569)",5605897099_1ea402daea_b.jpg,0
person,bed,"(265, 575, 288, 466)","(192, 575, 28, 951)",9169143144_89c565e9ca_b.jpg,0
person,bus,"(148, 270, 385, 449)","(215, 972, 8, 946)",7440734920_03007b1f3f_b.jpg,0
person,bus,"(369, 705, 157, 356)","(10, 619, 33, 906)",7800640746_941a61e566_b.jpg,0
motorcycle,street,"(653, 730, 551, 640)","(416, 728, 1, 1024)",7590096282_d3ab0548e5_b.jpg,0
person,street,"(330, 560, 53, 134)","(414, 677, 2, 1016)",3068032756_0e6acfce5d_b.jpg,0
person,bus,"(619, 692, 425, 450)","(441, 781, 117, 358)",8691175420_8c5178559a_b.jpg,0
person,bag,"(345, 425, 772, 810)","(373, 398, 793, 811)",8089881138_93bc8710a9_b.jpg,0
person,monitor,"(1, 166, 1, 161)","(18, 932, 742, 1277)",3627169702_b76201f41b_o.jpg,0
person,bag,"(201, 395, 760, 786)","(308, 350, 758, 774)",3802901524_68f0bcbef4_o.jpg,0
person,bag,"(183, 611, 174, 415)","(223, 336, 141, 266)",3643037085_cf60ab8a66_b.jpg,0
person,person,"(219, 615, 1, 106)","(153, 482, 265, 450)",4217262501_971c7fbb76_b.jpg,0
train,luggage,"(275, 676, 313, 864)","(251, 355, 740, 838)",9779255862_a4c3e98f41_b.jpg,0
person,sand,"(625, 736, 732, 769)","(648, 766, 1, 1018)",2387819502_17bff9fb12_o.jpg,0
person,surfboard,"(416, 731, 323, 442)","(507, 595, 239, 343)",3840758300_932cbe9171_b.jpg,0
person,luggage,"(520, 862, 515, 658)","(387, 943, 190, 589)",3782366612_197931cf40_b.jpg,0
person,luggage,"(107, 994, 122, 507)","(520, 874, 393, 577)",5570417120_264c738aac_b.jpg,0
bike,person,"(458, 633, 521, 768)","(373, 629, 571, 713)",6205433528_f145273087_b.jpg,0
person,bag,"(268, 721, 301, 424)","(347, 447, 323, 411)",130033128_fe89d7fe73_b.jpg,0
person,street,"(103, 1278, 225, 787)","(810, 1276, 5, 957)",221151390_780f993e4e_o.jpg,0
person,motorcycle,"(10, 671, 252, 565)","(104, 766, 104, 1022)",8224034613_c51e3b2e47_b.jpg,0
person,bag,"(425, 674, 663, 806)","(514, 591, 691, 754)",3871369769_6c2800bb24_b.jpg,0
person,bus,"(19, 74, 98, 137)","(1, 367, 1, 611)",8147048051_1caef454a5_o.jpg,0
train,person,"(226, 641, 254, 712)","(320, 353, 345, 375)",3572969356_2b01616f71_b.jpg,0
person,hydrant,"(279, 773, 406, 563)","(326, 827, 305, 455)",3484155003_10e09a45b0_b.jpg,0
person,skateboard,"(16, 534, 405, 622)","(405, 547, 426, 591)",5520058913_828c311213_b.jpg,0
person,truck,"(164, 408, 935, 990)","(148, 521, 68, 974)",7080311677_a34b86ff91_b.jpg,0
motorcycle,person,"(163, 580, 357, 853)","(116, 490, 520, 661)",6931986876_5ac41f8012_b.jpg,0
giraffe,grass,"(312, 671, 541, 822)","(385, 727, 1, 967)",110028147_cb8fe8b3ff_b.jpg,0
person,computer,"(98, 767, 118, 829)","(388, 766, 718, 1023)",4408933119_eef02b45d3_b.jpg,0
umbrella,person,"(251, 479, 448, 973)","(484, 671, 415, 634)",6006963922_ac961c83f8_b.jpg,0
car,street,"(615, 684, 553, 677)","(590, 683, 549, 979)",2037997834_6fdaca5c99_b.jpg,0
person,skateboard,"(228, 902, 177, 512)","(765, 884, 303, 433)",5221805478_64e2bc375a_b.jpg,0
person,motorcycle,"(592, 676, 864, 917)","(612, 702, 847, 924)",7590096282_d3ab0548e5_b.jpg,0
person,bike,"(394, 681, 12, 176)","(521, 797, 22, 179)",9179271597_e024490008_b.jpg,0
person,bag,"(582, 640, 242, 272)","(617, 638, 246, 257)",10294731884_4a697a5d9f_o.jpg,0
person,person,"(259, 394, 567, 653)","(97, 523, 307, 525)",9657253006_b038a55ab7_b.jpg,0
person,snowboard,"(370, 625, 756, 905)","(487, 550, 90, 179)",3840322000_7688d21b32_b.jpg,0
person,horse,"(217, 372, 471, 532)","(267, 449, 404, 597)",6937158405_3e09ee397a_b.jpg,0
person,person,"(27, 967, 7, 266)","(196, 555, 113, 256)",3782366612_197931cf40_b.jpg,0
person,phone,"(19, 681, 50, 951)","(328, 380, 794, 877)",4956575632_4cbb85287d_b.jpg,0
person,motorcycle,"(143, 540, 322, 539)","(166, 546, 74, 728)",2582208468_58ac31d1e9_o.jpg,0
umbrella,person,"(1, 306, 4, 762)","(421, 812, 33, 302)",6116946649_7be3d70d6c_b.jpg,0
motorcycle,person,"(677, 764, 327, 460)","(639, 767, 364, 436)",7162772807_969b288e08_b.jpg,0
person,pillow,"(174, 562, 608, 950)","(153, 384, 715, 995)",6592262967_0c85220c7b_b.jpg,0
person,bike,"(346, 531, 637, 726)","(430, 571, 640, 735)",5141510566_2f22529198_b.jpg,0
person,grass,"(305, 627, 706, 799)","(207, 765, 1, 1024)",908984325_df6244e5b7_b.jpg,0
bike,street,"(269, 564, 298, 665)","(465, 684, 2, 1024)",4340137750_01465eff6f_b.jpg,0
person,bike,"(309, 598, 156, 303)","(510, 675, 161, 304)",8394847830_09afc7a1d1_b.jpg,0
motorcycle,person,"(368, 523, 344, 808)","(184, 525, 453, 706)",2522658537_0f0c78d42f_b.jpg,0
kite,sky,"(141, 280, 901, 972)","(1, 497, 1, 1023)",8206728578_75a1d2f7ed_b.jpg,0
person,bike,"(274, 352, 433, 469)","(309, 355, 411, 497)",6899663069_bb6294fdfb_b.jpg,0
person,motorcycle,"(103, 742, 685, 887)","(316, 767, 428, 935)",2212066876_aaf1415029_o.jpg,0
person,boat,"(275, 598, 43, 301)","(196, 596, 1, 796)",7388723_b2f1942363_o.jpg,0
person,skis,"(442, 608, 345, 399)","(435, 490, 310, 446)",3840322000_7688d21b32_b.jpg,0
person,horse,"(81, 329, 754, 859)","(175, 402, 623, 972)",3304610867_f5bda2cd68_b.jpg,0
person,bottle,"(79, 368, 107, 206)","(225, 263, 156, 175)",7655582048_711aecb39c_b.jpg,0
person,computer,"(5, 682, 1, 269)","(323, 680, 508, 965)",8513200782_e31bd78af8_b.jpg,0
person,boat,"(190, 560, 122, 244)","(241, 266, 604, 968)",4869456397_8f42747a22_b.jpg,0
person,ball,"(123, 710, 167, 546)","(309, 337, 18, 62)",9053076700_dc9e00ee15_b.jpg,0
person,snowboard,"(321, 569, 344, 463)","(414, 474, 411, 478)",4485139500_d57c642bc6_b.jpg,0
motorcycle,street,"(612, 702, 847, 924)","(416, 728, 1, 1024)",7590096282_d3ab0548e5_b.jpg,0
person,kite,"(676, 896, 116, 209)","(13, 689, 197, 767)",655943072_b41d8cb0e8_b.jpg,0
person,grass,"(365, 462, 462, 503)","(437, 764, 1, 893)",10131308045_396d053b7e_b.jpg,0
person,street,"(98, 766, 607, 932)","(213, 761, 1, 1023)",449583699_8c0d2d2b70_b.jpg,0
person,mountain,"(325, 426, 552, 634)","(239, 357, 72, 718)",5675614133_5c57f1cc4d_b.jpg,0
person,bike,"(183, 611, 174, 415)","(400, 654, 20, 492)",3643037085_cf60ab8a66_b.jpg,0
person,horse,"(282, 351, 429, 481)","(292, 433, 506, 666)",4607601147_412c14a80d_b.jpg,0
person,pizza,"(83, 436, 410, 781)","(443, 767, 52, 925)",4182606991_8bcce83e7a_b.jpg,0
person,bike,"(339, 658, 768, 939)","(475, 684, 740, 986)",6447683987_24417c4024_b.jpg,0
person,skateboard,"(36, 812, 230, 605)","(759, 850, 180, 488)",5561870780_ccc1f7cc1d_b.jpg,0
person,grass,"(479, 954, 50, 258)","(338, 1023, 19, 757)",6879272874_931c3174a8_b.jpg,0
person,boat,"(453, 696, 72, 402)","(630, 829, 1, 437)",3735403050_b4ebfff4e4_b.jpg,0
bag,luggage,"(515, 780, 276, 538)","(712, 1023, 334, 582)",2451919106_e57dd14435_b.jpg,0
person,bike,"(333, 574, 392, 548)","(474, 658, 305, 631)",6148928957_b934df95ae_b.jpg,0
laptop,chair,"(373, 434, 576, 649)","(257, 459, 533, 737)",8065565064_27aa3da618_b.jpg,0
car,street,"(389, 458, 533, 624)","(379, 681, 7, 804)",8182301279_4732e768b3_b.jpg,0
person,bus,"(260, 521, 637, 747)","(118, 578, 34, 896)",10251778694_c9344d7f08_b.jpg,0
jacket,person,"(622, 767, 584, 864)","(526, 766, 561, 888)",5086731538_ece3200089_b.jpg,0
umbrella,surfboard,"(1, 306, 4, 762)","(629, 958, 495, 573)",6116946649_7be3d70d6c_b.jpg,0
person,skateboard,"(27, 459, 656, 851)","(366, 459, 646, 772)",2721408051_0a57855068_b.jpg,0
person,elephant,"(16, 208, 349, 436)","(138, 637, 139, 756)",7062560387_65ab35db5a_b.jpg,0
airplane,sky,"(193, 274, 200, 433)","(2, 404, 5, 1021)",2871156541_940bfed74c_b.jpg,0
person,surfboard,"(197, 687, 77, 268)","(617, 774, 79, 263)",7166124583_289e18421c_b.jpg,0
person,motorcycle,"(496, 630, 423, 481)","(567, 657, 426, 474)",6623880097_4c4ebeaa2d_b.jpg,0
person,bag,"(101, 516, 238, 369)","(152, 268, 209, 274)",6356579605_28eda52c28_b.jpg,0
person,bike,"(259, 793, 591, 886)","(616, 1017, 364, 1001)",8538884882_02c6a81024_b.jpg,0
person,car,"(114, 541, 224, 386)","(186, 636, 152, 892)",8591280382_d7a26282b1_b.jpg,0
person,grass,"(377, 600, 344, 429)","(377, 761, 3, 1022)",8832189234_79c72f25c8_b.jpg,0
person,sand,"(495, 624, 386, 420)","(524, 680, 4, 1022)",4649189259_93873e099f_b.jpg,0
person,motorcycle,"(535, 742, 290, 448)","(677, 898, 334, 459)",227270260_48fb05af59_b.jpg,0
person,bag,"(609, 986, 582, 732)","(818, 943, 559, 624)",6123351343_6865398fb6_b.jpg,0
person,elephant,"(51, 590, 145, 348)","(102, 365, 317, 544)",5628092207_ac97d56001_b.jpg,0
helmet,person,"(317, 404, 643, 715)","(317, 560, 453, 749)",3229380320_29c0cbda66_b.jpg,0
person,plate,"(3, 241, 341, 529)","(187, 230, 535, 643)",255923222_d34e9a95f8_b.jpg,0
horse,street,"(475, 674, 538, 766)","(523, 766, 20, 1012)",9883856875_4841d35043_b.jpg,0
jacket,person,"(416, 470, 612, 662)","(398, 539, 598, 685)",4342804425_5cfd6e7c67_b.jpg,0
person,train,"(323, 364, 351, 381)","(226, 641, 254, 712)",3572969356_2b01616f71_b.jpg,0
person,motorcycle,"(362, 796, 68, 183)","(372, 638, 582, 700)",8019478645_3462424238_b.jpg,0
person,sofa,"(208, 633, 128, 271)","(513, 882, 3, 434)",7399342972_d7c46f5e49_b.jpg,0
person,skateboard,"(1, 696, 195, 679)","(562, 743, 114, 435)",3718173700_f61a95ca35_b.jpg,0
person,kite,"(651, 700, 938, 962)","(90, 221, 100, 918)",3475527366_e262322074_b.jpg,0
person,grass,"(487, 557, 115, 136)","(550, 584, 34, 183)",10004827943_9f667176ef_b.jpg,0
person,bag,"(234, 635, 317, 444)","(301, 496, 297, 364)",4869456397_8f42747a22_b.jpg,0
person,umbrella,"(23, 532, 4, 140)","(2, 78, 3, 128)",5109490488_81960213da_b.jpg,0
person,skateboard,"(222, 505, 184, 369)","(402, 503, 261, 325)",2412772934_22b28fa983_o.jpg,0
person,road,"(377, 591, 547, 633)","(366, 593, 2, 1022)",8449584027_4964ce99ac_b.jpg,0
motorcycle,street,"(355, 587, 901, 978)","(404, 833, 18, 19)",5592463982_0b2bd14964_b.jpg,0
person,motorcycle,"(12, 667, 306, 685)","(265, 787, 90, 956)",9653931989_4cc05560e3_b.jpg,0
person,bag,"(112, 523, 567, 920)","(444, 519, 801, 869)",56030262_f38b94c3b6_b.jpg,0
cart,person,"(348, 608, 406, 611)","(268, 523, 349, 555)",7377162790_f3404c6be3_o.jpg,0
motorcycle,street,"(182, 623, 266, 856)","(392, 761, 9, 1021)",2754987744_d6b6c62545_b.jpg,0
person,bag,"(706, 856, 194, 247)","(793, 831, 250, 272)",181336099_03731ec0b0_b.jpg,0
person,bag,"(422, 767, 859, 1013)","(616, 692, 845, 909)",9392978771_7cdbff5cbd_b.jpg,0
person,pizza,"(148, 375, 578, 744)","(550, 650, 166, 608)",6327449591_43a64fd764_b.jpg,0
kite,sky,"(188, 259, 141, 306)","(1, 493, 1, 1020)",8642248228_d2187daf86_b.jpg,0
person,street,"(124, 403, 794, 886)","(331, 426, 790, 1023)",4669793697_a3d315108d_b.jpg,0
person,person,"(292, 1023, 24, 346)","(92, 1024, 336, 780)",5843020554_298c6d43e9_b.jpg,0
person,bike,"(406, 669, 641, 792)","(514, 683, 630, 822)",2602285885_23611d66a1_b.jpg,0
person,bag,"(315, 561, 3, 134)","(357, 484, 1, 45)",8465079679_58ae9428d1_b.jpg,0
person,bag,"(324, 429, 420, 457)","(347, 381, 441, 467)",9692252030_f1db6b57d9_o.jpg,0
motorcycle,grass,"(330, 612, 470, 938)","(407, 674, 15, 1017)",7395494510_638e25d48b_b.jpg,0
person,kite,"(539, 702, 221, 298)","(87, 164, 287, 365)",21080172_d6abfaa184_o.jpg,0
bike,person,"(375, 507, 259, 361)","(289, 477, 256, 365)",7670142550_684c8c8d64_b.jpg,0
person,street,"(376, 637, 310, 368)","(577, 765, 5, 1023)",3260995233_341feccf5a_b.jpg,0
truck,street,"(276, 496, 755, 1022)","(287, 634, 679, 1023)",3067774724_772e7518e4_b.jpg,0
trees,mountain,"(280, 414, 5, 316)","(307, 402, 1, 306)",6974520121_4d7b725db8_b.jpg,0
umbrella,person,"(86, 259, 434, 661)","(168, 446, 460, 554)",2787249244_c5a15fca56_o.jpg,0
jacket,person,"(259, 363, 553, 651)","(410, 620, 136, 481)",3363659689_68dbf1bb01_b.jpg,0
umbrella,person,"(179, 309, 330, 686)","(215, 764, 314, 673)",2513020759_af6967f5d9_b.jpg,0
person,skateboard,"(11, 620, 26, 477)","(557, 693, 123, 332)",3987015354_c5756d9dc2_b.jpg,0
truck,person,"(186, 636, 152, 892)","(114, 541, 224, 386)",8591280382_d7a26282b1_b.jpg,0
horse,person,"(101, 599, 520, 880)","(46, 403, 538, 698)",8722022301_af1bc59cf3_b.jpg,0
person,umbrella,"(101, 740, 172, 408)","(13, 322, 12, 470)",4385184019_fe84dd5d23_b.jpg,0
umbrella,person,"(1, 142, 1, 260)","(110, 227, 101, 141)",452963468_e1fa95c775_o.jpg,0
car,street,"(374, 979, 24, 653)","(532, 1018, 12, 766)",7748672286_1e9e3a8bdb_b.jpg,0
person,laptop,"(13, 608, 483, 1023)","(324, 651, 70, 688)",8865584540_b5307795be_b.jpg,0
person,skis,"(69, 685, 1, 382)","(272, 684, 69, 180)",4378068245_ae43bcbcc5_b.jpg,0
person,sofa,"(166, 491, 505, 776)","(147, 458, 341, 829)",3518936687_c62b9e2983_b.jpg,0
person,person,"(124, 309, 718, 811)","(106, 306, 262, 421)",8990943637_5bbec8ef7b_b.jpg,0
person,pizza,"(235, 556, 599, 778)","(542, 635, 382, 603)",7374957764_bfe24eba62_b.jpg,0
person,snowboard,"(84, 448, 646, 799)","(436, 466, 573, 877)",3358885775_9099a62b1c_b.jpg,0
car,road,"(367, 442, 81, 277)","(337, 767, 4, 1021)",8117448052_20a86e89cd_b.jpg,0
person,umbrella,"(181, 334, 286, 322)","(155, 253, 559, 762)",103654841_5840327760_o.jpg,0
person,bag,"(801, 999, 146, 198)","(852, 908, 184, 215)",7573709998_d3452ded16_b.jpg,0
person,skateboard,"(114, 555, 675, 1058)","(517, 597, 641, 797)",3874258931_7a34ab5228_o.jpg,0
person,person,"(429, 619, 632, 689)","(342, 458, 345, 421)",2293686208_e0a4df2277_b.jpg,0
person,person,"(228, 587, 313, 411)","(2, 361, 1, 441)",3987015198_c216518ca0_b.jpg,0
person,skis,"(52, 1017, 417, 767)","(860, 1021, 362, 733)",4247983342_6efd46d3c4_b.jpg,0
person,kite,"(704, 738, 710, 748)","(302, 413, 180, 242)",257099253_9161872c7b_b.jpg,0
umbrella,bag,"(272, 417, 649, 811)","(363, 411, 635, 770)",1342508700_ee68748509_b.jpg,0
boat,person,"(196, 596, 1, 796)","(275, 598, 43, 301)",7388723_b2f1942363_o.jpg,0
person,laptop,"(186, 743, 163, 404)","(361, 484, 170, 362)",3633024802_48f99f60ed_b.jpg,0
person,sand,"(1, 273, 1, 97)","(55, 398, 3, 600)",4021082808_f48385eb4b_o.jpg,0
person,grass,"(420, 682, 318, 758)","(179, 681, 1, 1023)",6068733163_fd5006922a_b.jpg,0
person,sand,"(501, 618, 346, 384)","(524, 680, 4, 1022)",4649189259_93873e099f_b.jpg,0
umbrella,person,"(282, 563, 220, 532)","(386, 767, 313, 506)",8386698122_28a5318c03_b.jpg,0
person,road,"(493, 569, 574, 598)","(528, 583, 487, 570)",25691390_f9944f61b5_b.jpg,0
person,phone,"(155, 523, 779, 1022)","(399, 432, 777, 836)",8174126404_192257d449_b.jpg,0
person,bag,"(102, 310, 808, 925)","(200, 262, 815, 864)",553590016_8c366f2732_b.jpg,0
person,bus,"(535, 581, 237, 272)","(402, 651, 155, 376)",6896619121_d3c1a8df52_b.jpg,0
person,pizza,"(40, 679, 134, 533)","(459, 503, 408, 648)",8116722351_7b6dc4d5a6_b.jpg,0
person,plane,"(429, 697, 565, 660)","(252, 533, 119, 1023)",8464469950_7d6c082b52_b.jpg,0
person,bag,"(237, 698, 226, 502)","(377, 619, 127, 299)",2208995906_d296e2241d_o.jpg,0
person,grass,"(244, 471, 480, 585)","(249, 759, 7, 1017)",8064272796_17c5953ba8_b.jpg,0
sky,tower,"(269, 745, 300, 446)","(91, 373, 207, 731)",231761148_8c8904e665_b.jpg,0
umbrella,table,"(386, 680, 183, 689)","(1, 451, 83, 1021)",4369991970_223d33567f_b.jpg,0
person,snowboard,"(304, 579, 518, 636)","(351, 468, 453, 638)",4485139500_d57c642bc6_b.jpg,0
person,boat,"(405, 460, 548, 576)","(336, 453, 524, 638)",9875247365_1f49d46b99_b.jpg,0
person,phone,"(212, 711, 242, 637)","(389, 436, 510, 550)",5597870275_aae28b831a_b.jpg,0
person,skis,"(457, 695, 56, 150)","(473, 759, 280, 416)",3425902727_e664574f07_b.jpg,0
bus,street,"(150, 362, 57, 361)","(389, 558, 4, 181)",3132214618_5c9a5219b7_o.jpg,0
truck,street,"(482, 650, 723, 904)","(503, 679, 6, 886)",6126969134_fbec042409_b.jpg,0
hat,person,"(418, 513, 389, 512)","(420, 690, 343, 592)",4198083117_15150e9711_b.jpg,0
motorcycle,person,"(207, 610, 172, 916)","(84, 542, 260, 742)",5357700198_a87a47acbb_b.jpg,0
person,surfboard,"(1, 334, 16, 235)","(316, 336, 1, 173)",7386755464_c037c44b96_b.jpg,0
kite,sky,"(81, 219, 364, 592)","(4, 595, 4, 1021)",9759509291_143489b32a_b.jpg,0
umbrella,person,"(203, 384, 75, 488)","(345, 678, 142, 318)",7127213543_9e3bc184de_b.jpg,0
person,person,"(92, 1024, 336, 780)","(292, 1023, 24, 346)",5843020554_298c6d43e9_b.jpg,0
person,cart,"(194, 454, 343, 451)","(283, 450, 240, 383)",3665048296_195062bf2f_o.jpg,0
hat,person,"(110, 223, 2, 131)","(114, 766, 1, 181)",6157309791_c66e93a6d1_b.jpg,0
umbrella,person,"(11, 175, 67, 307)","(135, 654, 165, 478)",6741036587_9f2b5664f4_b.jpg,0
person,person,"(245, 574, 341, 660)","(245, 574, 341, 660)",1345566646_89749cf054_b.jpg,0
person,grass,"(169, 647, 433, 612)","(614, 683, 3, 810)",2419445811_f7efd30a6b_b.jpg,0
person,bag,"(17, 209, 240, 323)","(58, 130, 205, 245)",353709348_01e872f787_b.jpg,0
person,horse,"(55, 767, 245, 614)","(363, 766, 235, 1023)",9544233945_70e241919e_b.jpg,0
person,umbrella,"(238, 685, 254, 495)","(205, 328, 277, 516)",5028235992_9869cd4710_b.jpg,0
person,person,"(239, 681, 35, 370)","(184, 679, 334, 799)",4357229819_ae296396b3_b.jpg,0
person,bed,"(135, 259, 326, 420)","(74, 410, 1, 500)",3898952936_54782cfbb1_b.jpg,0
person,laptop,"(317, 622, 264, 519)","(419, 521, 139, 304)",4190437672_4f4a75837a_b.jpg,0
person,street,"(304, 561, 911, 1023)","(305, 582, 5, 1022)",6472054231_c7facdaccf_b.jpg,0
person,person,"(224, 419, 573, 667)","(355, 548, 582, 638)",7718119388_3df9fc17df_b.jpg,0
person,bed,"(222, 610, 202, 878)","(10, 763, 3, 1022)",2527061648_c47a35f846_b.jpg,0
person,bike,"(122, 468, 372, 691)","(270, 607, 277, 783)",8019688104_1695767342_b.jpg,0
person,skateboard,"(396, 571, 622, 725)","(551, 591, 621, 699)",5913627144_fc88f00400_b.jpg,0
plate,pizza,"(389, 767, 27, 608)","(354, 636, 102, 535)",5016022321_4b5ff1b904_b.jpg,0
person,bag,"(484, 698, 662, 744)","(582, 628, 683, 729)",6623880097_4c4ebeaa2d_b.jpg,0
person,person,"(104, 574, 187, 329)","(104, 704, 60, 292)",2212066876_aaf1415029_o.jpg,0
motorcycle,person,"(104, 766, 104, 1022)","(10, 671, 252, 565)",8224034613_c51e3b2e47_b.jpg,0
person,bag,"(274, 597, 703, 820)","(447, 533, 805, 846)",10251778694_c9344d7f08_b.jpg,0
person,street,"(254, 454, 119, 190)","(301, 497, 7, 881)",7296945680_4624752643_b.jpg,0
airplane,sky,"(100, 227, 478, 847)","(1, 481, 4, 1023)",8843742643_a759947d7a_b.jpg,0
person,street,"(176, 927, 199, 526)","(493, 1020, 1, 678)",4365734760_5d8a4e79dd_o.jpg,0
person,cart,"(407, 430, 623, 663)","(383, 655, 439, 727)",3606132043_ce58663150_b.jpg,0
motorcycle,person,"(195, 677, 11, 742)","(93, 682, 258, 640)",6721496819_b7dd80e497_b.jpg,0
bag,person,"(319, 359, 277, 317)","(248, 439, 246, 354)",468920376_9b3e46bd4b_o.jpg,0
person,surfboard,"(361, 580, 179, 248)","(421, 491, 134, 328)",9356671403_1a840fa02b_b.jpg,0
person,bench,"(109, 889, 128, 648)","(290, 472, 9, 166)",7382273234_3c88dbbb94_b.jpg,0
person,sand,"(507, 623, 587, 620)","(524, 680, 4, 1022)",4649189259_93873e099f_b.jpg,0
person,skis,"(87, 552, 593, 736)","(446, 598, 522, 778)",4765605471_c19a0b8b25_b.jpg,0
person,motorcycle,"(125, 765, 375, 935)","(242, 759, 20, 1014)",5901831619_9974cd32a5_b.jpg,0
person,kite,"(462, 810, 107, 218)","(88, 361, 499, 780)",180218001_dc11c5ebe8_o.jpg,0
person,kite,"(193, 470, 196, 367)","(59, 480, 30, 567)",96962166_b98a28206a_o.jpg,0
person,bag,"(416, 731, 323, 442)","(568, 618, 412, 450)",3840758300_932cbe9171_b.jpg,0
person,boat,"(141, 487, 297, 732)","(401, 663, 104, 999)",6800090271_500d63e565_b.jpg,0
truck,road,"(229, 267, 1001, 1024)","(248, 352, 921, 1024)",10159599524_0d4fb4d178_b.jpg,0
person,camera,"(394, 679, 48, 162)","(516, 541, 64, 101)",6352669672_be64bd9687_b.jpg,0
person,phone,"(105, 658, 446, 1007)","(333, 401, 459, 511)",4087948401_e23ef128ed_b.jpg,0
person,elephant,"(127, 259, 678, 748)","(223, 550, 406, 814)",7490406162_b45604a25c_b.jpg,0
person,horse,"(570, 840, 522, 643)","(694, 991, 448, 764)",187448937_fdb1809fe3_b.jpg,0
person,person,"(7, 313, 474, 619)","(78, 493, 169, 516)",5506779295_5b6ebd9636_b.jpg,0
person,surfboard,"(323, 862, 100, 296)","(381, 984, 72, 240)",7975160776_39d1588a75_b.jpg,0
person,surfboard,"(3, 574, 150, 382)","(380, 575, 266, 514)",8998531909_2a4a852b83_b.jpg,0
horse,bag,"(183, 677, 260, 979)","(109, 326, 423, 655)",406856735_e2383b9445_o.jpg,0
person,bag,"(759, 1023, 19, 136)","(915, 971, 4, 50)",7573709998_d3452ded16_b.jpg,0
person,umbrella,"(445, 1021, 527, 862)","(104, 582, 407, 946)",6935389590_de5c5ca99e_b.jpg,0
person,skateboard,"(25, 337, 173, 559)","(327, 385, 325, 568)",5628727643_c5de6f2de4_b.jpg,0
person,umbrella,"(435, 1023, 372, 616)","(365, 617, 221, 713)",8093545484_7b9c00966d_b.jpg,0
umbrella,person,"(196, 337, 512, 891)","(385, 677, 565, 682)",7127213543_9e3bc184de_b.jpg,0
person,sand,"(483, 573, 355, 392)","(593, 671, 345, 513)",2305513215_8fce34b9c2_b.jpg,0
person,chair,"(191, 300, 499, 584)","(230, 304, 498, 551)",5992146072_01fb721ed0_b.jpg,1
person,boat,"(358, 458, 600, 666)","(37, 703, 227, 807)",9653331120_aa44db4e9d_b.jpg,1
dog,person,"(228, 762, 260, 582)","(153, 766, 235, 978)",354685962_5f09b4e780_b.jpg,1
person,elephant,"(114, 155, 222, 260)","(177, 583, 162, 380)",5547013860_96f562f144_b.jpg,1
dog,bed,"(285, 493, 299, 729)","(324, 759, 1, 936)",8715302158_bfcfa76a66_b.jpg,1
person,person,"(380, 511, 463, 530)","(421, 627, 465, 532)",2600768187_e5fe8071ab_o.jpg,1
person,chair,"(275, 429, 455, 685)","(257, 459, 533, 737)",8065565064_27aa3da618_b.jpg,1
person,bench,"(104, 654, 67, 399)","(297, 448, 532, 955)",8128429591_3447bbfbf9_b.jpg,1
person,motorcycle,"(245, 480, 67, 245)","(315, 655, 25, 434)",9572109341_c724ef7ba7_b.jpg,1
person,street,"(174, 728, 430, 903)","(282, 766, 1, 1023)",521401566_4b3c3e127e_b.jpg,1
person,bench,"(493, 725, 521, 690)","(480, 711, 194, 826)",8136677249_bc3b222cc6_b.jpg,1
person,chair,"(179, 679, 65, 715)","(305, 684, 652, 989)",4190437672_4f4a75837a_b.jpg,1
person,table,"(21, 610, 164, 481)","(366, 610, 4, 611)",7983019848_cda6f5da53_o.jpg,1
person,chair,"(270, 419, 421, 504)","(270, 420, 384, 515)",3451843487_5711658cd8_b.jpg,1
person,chair,"(105, 658, 446, 1007)","(457, 577, 520, 1022)",4087948401_e23ef128ed_b.jpg,1
person,chair,"(492, 555, 451, 485)","(516, 558, 442, 491)",3543224993_65e4d83b68_o.jpg,1
person,street,"(401, 686, 2, 134)","(309, 792, 4, 529)",7332485950_763937fb8c_b.jpg,1
person,bench,"(95, 207, 667, 743)","(107, 214, 495, 709)",9868723753_7b34d3cf05_b.jpg,1
cat,table,"(364, 488, 452, 558)","(435, 597, 340, 753)",5004029058_8574253a98_b.jpg,1
person,sofa,"(179, 562, 335, 567)","(271, 699, 1, 529)",2557616124_5033660437_b.jpg,1
person,bench,"(334, 676, 676, 859)","(654, 675, 96, 1022)",7127213543_9e3bc184de_b.jpg,1
person,sofa,"(132, 530, 608, 870)","(182, 614, 203, 1022)",2770686605_b4917375ed_b.jpg,1
person,counter,"(21, 610, 164, 481)","(393, 597, 1, 578)",7983019848_cda6f5da53_o.jpg,1
cat,chair,"(172, 510, 337, 623)","(151, 664, 109, 649)",6139254473_f9e2233aeb_b.jpg,1
giraffe,grass,"(442, 686, 188, 419)","(437, 764, 5, 1018)",2845360285_56950ed1c4_b.jpg,1
person,chair,"(46, 768, 1, 311)","(352, 485, 284, 327)",5127248425_bc107ebe04_b.jpg,1
person,bench,"(235, 564, 201, 628)","(351, 1015, 189, 689)",2346032_d20f744136_b.jpg,1
person,table,"(324, 652, 593, 679)","(653, 1024, 4, 616)",2750909727_39d83825b3_b.jpg,1
person,bench,"(105, 561, 384, 724)","(320, 562, 2, 617)",2167336332_b0f30132a7_b.jpg,1
person,chair,"(7, 323, 708, 875)","(125, 374, 687, 899)",9434047748_22ab7471ec_b.jpg,1
person,ramp,"(371, 502, 131, 248)","(343, 740, 4, 1022)",2552006887_51f2b3d17b_b.jpg,1
person,street,"(212, 783, 1, 608)","(1, 1024, 1, 767)",264742072_e7749bf42b_b.jpg,1
person,table,"(140, 682, 528, 895)","(343, 683, 361, 711)",9829066303_a49f0f0f2c_b.jpg,1
person,grass,"(73, 681, 316, 719)","(190, 681, 3, 842)",8737004694_48a0cb9558_b.jpg,1
person,sofa,"(66, 643, 492, 895)","(224, 689, 6, 1023)",2838291659_159e7b61df_b.jpg,1
person,chair,"(180, 763, 342, 808)","(452, 758, 428, 745)",3741867933_9da8660255_b.jpg,1
person,chair,"(246, 682, 1, 321)","(447, 679, 2, 258)",5635598108_e252debf3b_b.jpg,1
person,chair,"(129, 682, 52, 507)","(505, 683, 1, 271)",9829066303_a49f0f0f2c_b.jpg,1
person,sand,"(178, 371, 240, 418)","(55, 398, 3, 600)",4021082808_f48385eb4b_o.jpg,1
person,chair,"(108, 229, 958, 1044)","(146, 236, 1017, 1061)",1467583584_a7877b8077_o.jpg,1
person,sofa,"(52, 682, 152, 544)","(182, 614, 203, 1022)",2770686605_b4917375ed_b.jpg,1
person,bench,"(310, 482, 118, 210)","(361, 481, 67, 329)",8489260810_50170a9820_b.jpg,1
glasses,face,"(90, 110, 139, 215)","(54, 170, 137, 207)",3505702201_e1c0e8c586_o.jpg,1
person,chair,"(394, 732, 29, 452)","(596, 730, 419, 471)",4962884665_2d46628d09_b.jpg,1
person,bench,"(244, 512, 275, 418)","(302, 511, 244, 598)",3476458176_c86e1fb559_b.jpg,1
person,chair,"(201, 438, 79, 264)","(310, 458, 20, 126)",4745633521_bda043e890_b.jpg,1
person,table,"(307, 510, 135, 272)","(337, 612, 6, 508)",8085073949_a73548da5f_o.jpg,1
person,bench,"(248, 439, 246, 354)","(283, 415, 92, 343)",468920376_9b3e46bd4b_o.jpg,1
person,chair,"(281, 582, 168, 446)","(443, 605, 129, 258)",7107196815_a387dfcf5e_b.jpg,1
person,table,"(327, 768, 22, 379)","(580, 767, 206, 1021)",9413317849_59ee037005_b.jpg,1
person,bench,"(345, 678, 142, 318)","(654, 675, 96, 1022)",7127213543_9e3bc184de_b.jpg,1
dog,basket,"(268, 676, 272, 607)","(468, 682, 303, 635)",8750340132_9de0466e67_b.jpg,1
person,sofa,"(207, 913, 541, 1013)","(391, 959, 2, 912)",851623519_9909323580_o.jpg,1
person,bed,"(24, 349, 197, 540)","(173, 669, 16, 1019)",2184272822_8d512efdc2_b.jpg,1
person,chair,"(63, 653, 303, 765)","(276, 667, 268, 625)",5937324668_4aca83b872_b.jpg,1
person,sofa,"(367, 541, 608, 998)","(457, 767, 359, 1021)",5852614444_d0756f5c71_b.jpg,1
person,bench,"(138, 533, 189, 357)","(363, 416, 1, 1023)",6462985601_6385193ed5_b.jpg,1
person,chair,"(317, 476, 369, 488)","(363, 461, 345, 407)",4113621691_ebd79e9a83_o.jpg,1
person,motorcycle,"(80, 736, 212, 690)","(234, 895, 42, 936)",8923030511_05ecbda5e6_b.jpg,1
person,table,"(133, 456, 338, 668)","(381, 677, 4, 955)",9719081589_80dda07912_b.jpg,1
person,bench,"(228, 814, 734, 1179)","(410, 842, 839, 1277)",115029320_d366cbed0f_o.jpg,1
person,ramp,"(255, 441, 30, 109)","(343, 740, 4, 1022)",2552006887_51f2b3d17b_b.jpg,1
person,sofa,"(458, 814, 588, 769)","(514, 775, 507, 769)",4635800439_0701fb0132_b.jpg,1
person,sofa,"(381, 458, 423, 467)","(419, 513, 448, 590)",6803135612_197c715868_o.jpg,1
person,sofa,"(160, 746, 6, 424)","(331, 697, 2, 490)",3133548455_9665e9abda_b.jpg,1
person,table,"(468, 928, 70, 366)","(475, 1022, 56, 734)",8715929112_3f314722c7_b.jpg,1
person,chair,"(140, 356, 6, 162)","(249, 475, 3, 177)",7562029954_3d739c3ea6_o.jpg,1
monitor,table,"(140, 509, 525, 853)","(430, 704, 4, 1021)",112023189_95a6556e64_b.jpg,1
person,chair,"(257, 626, 61, 336)","(285, 564, 19, 203)",195099011_3bbe1772a6_b.jpg,1
person,motorcycle,"(125, 374, 436, 536)","(248, 520, 157, 574)",2522658537_0f0c78d42f_b.jpg,1
person,bench,"(309, 446, 137, 250)","(399, 447, 788, 958)",2430277280_c50614fa0f_b.jpg,1
person,chair,"(366, 516, 124, 337)","(382, 552, 49, 282)",4268237695_9b8012cd80_o.jpg,1
person,chair,"(108, 542, 126, 871)","(456, 510, 660, 700)",9659238693_0c0331f02c_b.jpg,1
person,chair,"(417, 542, 234, 327)","(452, 546, 229, 298)",3303215762_22de8a999f_b.jpg,1
person,bench,"(186, 743, 163, 404)","(345, 656, 1, 744)",3633024802_48f99f60ed_b.jpg,1
person,chair,"(468, 586, 240, 357)","(560, 682, 213, 354)",7172868795_42b01c7194_b.jpg,1
person,bench,"(400, 496, 339, 396)","(452, 509, 198, 409)",15323818_7533b9c5de_b.jpg,1
cat,bench,"(162, 304, 648, 765)","(8, 536, 1, 758)",8349722056_baf43b7ecf_b.jpg,1
person,bench,"(120, 680, 185, 454)","(231, 681, 1, 880)",8515403777_48d98fbebc_b.jpg,1
person,bench,"(109, 889, 128, 648)","(306, 1023, 141, 682)",7382273234_3c88dbbb94_b.jpg,1
person,table,"(152, 540, 342, 648)","(539, 767, 1, 1023)",5813297357_f210a455f9_b.jpg,1
person,chair,"(153, 634, 109, 380)","(325, 749, 5, 281)",6006488466_dc7558e4a0_b.jpg,1
person,chair,"(98, 666, 41, 440)","(143, 626, 103, 432)",8366428232_9951e938f5_b.jpg,1
person,table,"(215, 346, 370, 472)","(343, 683, 361, 711)",9829066303_a49f0f0f2c_b.jpg,1
person,chair,"(2, 173, 603, 757)","(16, 236, 564, 691)",5000622283_850eb445fa_b.jpg,1
person,cart,"(155, 184, 193, 218)","(172, 219, 160, 241)",34251540_bec994ec35_o.jpg,1
bag,street,"(366, 629, 691, 843)","(443, 677, 13, 1012)",6780686895_01a1ccde29_b.jpg,1
person,chair,"(175, 567, 380, 538)","(200, 561, 366, 582)",2082432785_8fe8c6b947_o.jpg,1
person,bench,"(159, 594, 504, 767)","(200, 479, 109, 846)",8054281885_ebbbfa2672_b.jpg,1
person,table,"(385, 568, 659, 774)","(400, 766, 384, 696)",7367202910_b61903870e_b.jpg,1
person,grass,"(29, 682, 490, 1024)","(190, 681, 3, 842)",8737004694_48a0cb9558_b.jpg,1
person,bench,"(360, 464, 167, 242)","(390, 451, 151, 256)",8649487646_409de8f55b_b.jpg,1
person,skateboard,"(135, 671, 274, 692)","(587, 668, 456, 612)",5221207615_4c59bbecfe_b.jpg,1
dog,bench,"(241, 761, 208, 623)","(415, 758, 179, 1019)",3118650298_95f1f4608f_b.jpg,1
person,chair,"(240, 631, 189, 446)","(500, 625, 153, 482)",7654411296_a05e5981bb_b.jpg,1
person,bench,"(288, 646, 204, 312)","(463, 624, 75, 669)",5741895795_aa6195b1b6_b.jpg,1
person,sofa,"(227, 531, 132, 473)","(293, 568, 106, 779)",1287355811_488f98b6cf_o.jpg,1
person,motorcycle,"(214, 767, 114, 496)","(299, 767, 1, 946)",274016401_0fb442d81e_b.jpg,1
person,bench,"(135, 613, 340, 529)","(297, 448, 532, 955)",8128429591_3447bbfbf9_b.jpg,1
dog,person,"(369, 426, 797, 851)","(348, 505, 764, 867)",7295486800_75ff5ca96d_b.jpg,1
person,bench,"(348, 505, 764, 867)","(403, 499, 360, 993)",7295486800_75ff5ca96d_b.jpg,1
cat,table,"(30, 229, 325, 498)","(1, 765, 85, 617)",2923483678_abe32e3d62_b.jpg,1
person,table,"(109, 648, 816, 1022)","(381, 677, 4, 955)",9719081589_80dda07912_b.jpg,1
person,sand,"(120, 766, 609, 1022)","(478, 765, 23, 771)",3219963856_5fa77f80f6_b.jpg,1
person,chair,"(335, 767, 99, 323)","(531, 767, 54, 123)",5075675963_d2c1e7973f_b.jpg,1
person,table,"(240, 615, 553, 913)","(580, 767, 206, 1021)",9413317849_59ee037005_b.jpg,1
cat,bench,"(139, 398, 294, 512)","(356, 683, 1, 801)",2255697827_f1d93a0029_o.jpg,1
person,chair,"(298, 664, 145, 438)","(482, 662, 309, 423)",2719261227_2da3c1e050_b.jpg,1
person,chair,"(112, 383, 683, 854)","(163, 387, 617, 985)",3898952936_54782cfbb1_b.jpg,1
person,chair,"(362, 482, 15, 131)","(425, 578, 19, 54)",9107216826_8cd62d7b38_b.jpg,1
person,chair,"(436, 559, 351, 446)","(486, 583, 359, 442)",3748124407_ea61a72f15_b.jpg,1
person,table,"(285, 550, 57, 258)","(358, 561, 1, 128)",4734902646_69b6ce7e6f_b.jpg,1
person,bed,"(191, 345, 268, 340)","(276, 529, 11, 797)",3533901899_36b4e3d540_o.jpg,1
person,sofa,"(172, 705, 242, 588)","(239, 705, 14, 1022)",4214979990_f2d2c46520_b.jpg,1
person,sofa,"(204, 498, 450, 759)","(293, 568, 106, 779)",1287355811_488f98b6cf_o.jpg,1
pizza,plate,"(415, 581, 144, 443)","(412, 586, 146, 453)",9565361170_d54f928d9a_o.jpg,1
person,bench,"(342, 681, 365, 626)","(425, 682, 328, 539)",8064272796_17c5953ba8_b.jpg,1
person,table,"(383, 768, 1, 317)","(340, 765, 207, 664)",9321840072_2c68296247_b.jpg,1
person,table,"(81, 557, 1, 395)","(381, 677, 4, 955)",9719081589_80dda07912_b.jpg,1
person,bench,"(309, 446, 137, 250)","(371, 438, 4, 320)",2430277280_c50614fa0f_b.jpg,1
person,chair,"(275, 679, 114, 468)","(401, 680, 23, 167)",7096199693_cd226e52ba_b.jpg,1
bear,basket,"(402, 612, 344, 568)","(481, 737, 86, 547)",1426904233_ee344879b6_b.jpg,1
person,table,"(385, 672, 529, 667)","(395, 648, 401, 574)",9107216826_8cd62d7b38_b.jpg,1
person,bus,"(392, 560, 400, 622)","(81, 598, 6, 897)",4124089113_54490d610c_o.jpg,1
person,chair,"(166, 682, 345, 734)","(493, 683, 576, 786)",9300793319_f1357c8c9e_b.jpg,1
person,motorcycle,"(49, 680, 327, 775)","(242, 678, 2, 989)",6092816814_087e7d021e_b.jpg,1
person,bench,"(56, 614, 524, 742)","(226, 452, 227, 744)",6780686895_01a1ccde29_b.jpg,1
person,chair,"(153, 634, 109, 380)","(318, 751, 2, 263)",6006488466_dc7558e4a0_b.jpg,1
person,chair,"(131, 448, 200, 505)","(215, 465, 405, 593)",8665247006_b220138080_b.jpg,1
person,elephant,"(37, 312, 255, 499)","(215, 480, 74, 591)",3007602712_b67ae2bd85_o.jpg,1
person,bench,"(223, 304, 622, 655)","(297, 353, 622, 720)",5909756438_f009e8fe5b_b.jpg,1
person,bench,"(233, 912, 10, 467)","(461, 883, 1, 721)",9416151887_9ec7680564_b.jpg,1
person,street,"(366, 766, 2, 240)","(390, 747, 337, 1020)",5812723266_35e84928a5_b.jpg,1
person,train,"(275, 346, 440, 489)","(226, 641, 254, 712)",3572969356_2b01616f71_b.jpg,1
person,bench,"(404, 507, 863, 900)","(444, 508, 859, 915)",7177304313_90e0705b05_b.jpg,1
person,chair,"(104, 759, 188, 662)","(200, 811, 55, 745)",5931176358_e5cf96dc70_b.jpg,1
person,chair,"(98, 767, 118, 829)","(496, 766, 17, 184)",4408933119_eef02b45d3_b.jpg,1
person,box,"(92, 343, 289, 437)","(221, 339, 235, 432)",3476434924_841701f613_b.jpg,1
dog,shelf,"(34, 190, 511, 645)","(98, 474, 526, 705)",4488170749_6c595a5500_o.jpg,1
person,chair,"(71, 566, 275, 456)","(313, 650, 277, 474)",2206232196_9df29ffa84_b.jpg,1
person,sand,"(507, 558, 119, 155)","(518, 682, 2, 1020)",8206728578_75a1d2f7ed_b.jpg,1
person,table,"(394, 732, 29, 452)","(646, 767, 2, 524)",4962884665_2d46628d09_b.jpg,1
person,chair,"(95, 712, 57, 783)","(605, 710, 196, 467)",5301210339_4cd1d7ee09_b.jpg,1
person,bench,"(114, 569, 237, 474)","(226, 452, 227, 744)",6780686895_01a1ccde29_b.jpg,1
person,bus,"(412, 553, 1, 146)","(81, 598, 6, 897)",4124089113_54490d610c_o.jpg,1
person,bench,"(322, 491, 59, 141)","(361, 481, 67, 329)",8489260810_50170a9820_b.jpg,1
person,bench,"(707, 1012, 386, 543)","(766, 931, 55, 656)",6067562164_2796424667_b.jpg,1
person,chair,"(269, 579, 120, 334)","(401, 570, 118, 276)",3874258931_7a34ab5228_o.jpg,1
cat,sink,"(289, 619, 161, 952)","(56, 704, 1, 1017)",517184261_3279b683b7_b.jpg,1
person,table,"(180, 763, 342, 808)","(513, 766, 49, 553)",3741867933_9da8660255_b.jpg,1
person,boat,"(500, 629, 772, 911)","(538, 695, 105, 1206)",3721451798_2554100f6b_o.jpg,1
person,bench,"(313, 733, 6, 286)","(730, 791, 3, 998)",4326517877_ab2ee47ec6_o.jpg,1
person,bench,"(46, 534, 563, 834)","(197, 579, 11, 1023)",9661679965_b31595c743_b.jpg,1
person,bench,"(116, 506, 86, 316)","(320, 562, 2, 617)",2167336332_b0f30132a7_b.jpg,1
person,bench,"(390, 767, 227, 454)","(682, 996, 1, 524)",2715963036_7d523875c4_b.jpg,1
person,chair,"(188, 429, 259, 421)","(265, 471, 223, 442)",88174066_035cae416a_b.jpg,1
person,chair,"(175, 711, 172, 450)","(313, 650, 277, 474)",2206232196_9df29ffa84_b.jpg,1
person,chair,"(33, 496, 144, 330)","(165, 479, 156, 335)",9263412960_6295fe2d07_b.jpg,1
person,bike,"(475, 642, 577, 655)","(560, 669, 581, 655)",8684808811_3d283a10b4_b.jpg,1
person,chair,"(165, 358, 422, 571)","(254, 426, 390, 492)",9064793840_2a46a84f32_b.jpg,1
person,bench,"(235, 924, 417, 692)","(461, 883, 1, 721)",9416151887_9ec7680564_b.jpg,1
person,motorcycle,"(236, 416, 178, 282)","(307, 432, 116, 354)",8073566196_1479f7842d_b.jpg,1
person,bench,"(309, 485, 882, 967)","(358, 472, 697, 980)",8489260810_50170a9820_b.jpg,1
person,cart,"(268, 523, 349, 555)","(348, 608, 406, 611)",7377162790_f3404c6be3_o.jpg,1
bear,chair,"(244, 592, 635, 870)","(290, 681, 637, 1000)",9558456557_6b275f3efc_b.jpg,1
person,chair,"(279, 680, 555, 887)","(309, 630, 511, 874)",3133548455_9665e9abda_b.jpg,1
person,sofa,"(176, 957, 188, 720)","(391, 959, 2, 912)",851623519_9909323580_o.jpg,1
person,motorcycle,"(109, 751, 703, 987)","(336, 762, 217, 760)",6340351135_ef5e056f5d_b.jpg,1
person,grass,"(318, 388, 662, 725)","(332, 651, 1, 1022)",2438309278_488df89f66_b.jpg,1
person,table,"(129, 682, 52, 507)","(343, 683, 361, 711)",9829066303_a49f0f0f2c_b.jpg,1
person,chair,"(289, 501, 129, 370)","(329, 524, 29, 453)",7145576305_38536a1d03_o.jpg,1
person,chair,"(137, 446, 466, 667)","(181, 465, 483, 732)",6273701491_e133fa39a3_b.jpg,1
