Number of points acquired,Run,Entropy,Strategy
0,0,0.0,Relative Entropy
0,1,0.0,Relative Entropy
0,2,0.0,Relative Entropy
0,3,0.0,Relative Entropy
0,4,0.0,Relative Entropy
0,5,0.0,Relative Entropy
0,6,0.0,Relative Entropy
0,7,0.0,Relative Entropy
0,8,0.0,Relative Entropy
0,9,0.0,Relative Entropy
1,0,0.6931471805599453,Relative Entropy
1,1,0.6931471805599453,Relative Entropy
1,2,0.6931471805599453,Relative Entropy
1,3,0.6931471805599453,Relative Entropy
1,4,0.6931471805599453,Relative Entropy
1,5,0.6931471805599453,Relative Entropy
1,6,0.6931471805599453,Relative Entropy
1,7,0.6931471805599453,Relative Entropy
1,8,0.6931471805599453,Relative Entropy
1,9,0.6931471805599453,Relative Entropy
2,0,1.0986122886681096,Relative Entropy
2,1,1.0986122886681096,Relative Entropy
2,2,1.0986122886681096,Relative Entropy
2,3,1.0986122886681096,Relative Entropy
2,4,1.0986122886681096,Relative Entropy
2,5,1.0986122886681096,Relative Entropy
2,6,1.0986122886681096,Relative Entropy
2,7,1.0986122886681096,Relative Entropy
2,8,1.0986122886681096,Relative Entropy
2,9,0.6365141682948128,Relative Entropy
3,0,1.0397207708399179,Relative Entropy
3,1,1.0397207708399179,Relative Entropy
3,2,1.3862943611198906,Relative Entropy
3,3,1.0397207708399179,Relative Entropy
3,4,1.0397207708399179,Relative Entropy
3,5,1.0397207708399179,Relative Entropy
3,6,1.0397207708399179,Relative Entropy
3,7,1.0397207708399179,Relative Entropy
3,8,1.0397207708399179,Relative Entropy
3,9,0.6931471805599453,Relative Entropy
4,0,1.3321790402101223,Relative Entropy
4,1,1.3321790402101223,Relative Entropy
4,2,1.3321790402101223,Relative Entropy
4,3,0.9502705392332347,Relative Entropy
4,4,1.3321790402101223,Relative Entropy
4,5,0.9502705392332347,Relative Entropy
4,6,0.9502705392332347,Relative Entropy
4,7,1.3321790402101223,Relative Entropy
4,8,0.9502705392332347,Relative Entropy
4,9,1.0549201679861442,Relative Entropy
5,0,1.3296613488547582,Relative Entropy
5,1,1.3296613488547582,Relative Entropy
5,2,1.2424533248940002,Relative Entropy
5,3,0.8675632284814612,Relative Entropy
5,4,1.3296613488547582,Relative Entropy
5,5,0.8675632284814612,Relative Entropy
5,6,0.8675632284814612,Relative Entropy
5,7,1.3296613488547582,Relative Entropy
5,8,1.0114042647073518,Relative Entropy
5,9,1.0114042647073518,Relative Entropy
6,0,1.2770342594661392,Relative Entropy
6,1,1.2770342594661392,Relative Entropy
6,2,1.475076311054695,Relative Entropy
6,3,0.796311640173813,Relative Entropy
6,4,1.2770342594661392,Relative Entropy
6,5,0.796311640173813,Relative Entropy
6,6,0.796311640173813,Relative Entropy
6,7,1.2770342594661392,Relative Entropy
6,8,0.9556998911125343,Relative Entropy
6,9,0.9556998911125343,Relative Entropy
7,0,1.2130075659799042,Relative Entropy
7,1,1.2130075659799042,Relative Entropy
7,2,1.4941751382893085,Relative Entropy
7,3,0.7356219397587946,Relative Entropy
7,4,1.2130075659799042,Relative Entropy
7,5,0.9002560512685369,Relative Entropy
7,6,0.9002560512685369,Relative Entropy
7,7,1.2130075659799042,Relative Entropy
7,8,0.9002560512685369,Relative Entropy
7,9,0.9002560512685369,Relative Entropy
8,0,1.2730283365896258,Relative Entropy
8,1,1.2730283365896258,Relative Entropy
8,2,1.464816384890813,Relative Entropy
8,3,0.6837389058487535,Relative Entropy
8,4,1.4270610433807247,Relative Entropy
8,5,0.8486855577264172,Relative Entropy
8,6,0.8486855577264172,Relative Entropy
8,7,1.2730283365896258,Relative Entropy
8,8,0.9368883075390159,Relative Entropy
8,9,0.8486855577264172,Relative Entropy
9,0,1.2206072645530175,Relative Entropy
9,1,1.2206072645530175,Relative Entropy
9,2,1.5047882836811908,Relative Entropy
9,3,0.8018185525433373,Relative Entropy
9,4,1.4184836619456564,Relative Entropy
9,5,0.8979457248567797,Relative Entropy
9,6,0.8018185525433373,Relative Entropy
9,7,1.2206072645530175,Relative Entropy
9,8,0.9433483923290393,Relative Entropy
9,9,0.8018185525433373,Relative Entropy
10,0,1.1685184057430877,Relative Entropy
10,1,1.1685184057430877,Relative Entropy
10,2,1.4681399390162087,Relative Entropy
10,3,0.7595473914748635,Relative Entropy
10,4,1.4681399390162087,Relative Entropy
10,5,0.8599672810355049,Relative Entropy
10,6,0.7595473914748635,Relative Entropy
10,7,1.1685184057430877,Relative Entropy
10,8,0.9164648855394713,Relative Entropy
10,9,0.7595473914748635,Relative Entropy
11,0,1.1187433359857524,Relative Entropy
11,1,1.1187433359857524,Relative Entropy
11,2,1.4241299173467734,Relative Entropy
11,3,0.8675632284814612,Relative Entropy
11,4,1.5171063970610277,Relative Entropy
11,5,0.887694275799104,Relative Entropy
11,6,0.8239592165010823,Relative Entropy
11,7,1.1187433359857524,Relative Entropy
11,8,0.887694275799104,Relative Entropy
11,9,0.7214636866925115,Relative Entropy
12,0,1.072016968563193,Relative Entropy
12,1,1.072016968563193,Relative Entropy
12,2,1.4791328074296435,Relative Entropy
12,3,0.9251290835720822,Relative Entropy
12,4,1.5247073930301434,Relative Entropy
12,5,0.8587409130062869,Relative Entropy
12,6,0.7902679680745903,Relative Entropy
12,7,1.072016968563193,Relative Entropy
12,8,0.8587409130062869,Relative Entropy
12,9,0.6870920273799715,Relative Entropy
13,0,1.0285137640248474,Relative Entropy
13,1,1.0285137640248474,Relative Entropy
13,2,1.4944032113796122,Relative Entropy
13,3,0.9556998911125343,Relative Entropy
13,4,1.5367224694372197,Relative Entropy
13,5,0.8760057656431737,Relative Entropy
13,6,0.7589367727620595,Relative Entropy
13,7,1.0285137640248474,Relative Entropy
13,8,0.8304717124362917,Relative Entropy
13,9,0.6559757323365467,Relative Entropy
14,0,1.0775733728921972,Relative Entropy
14,1,1.0775733728921972,Relative Entropy
14,2,1.4897503188505912,Relative Entropy
14,3,0.9701157839869381,Relative Entropy
14,4,1.5292482930376914,Relative Entropy
14,5,0.8532361505557784,Relative Entropy
14,6,0.7298712099831165,Relative Entropy
14,7,1.0775733728921972,Relative Entropy
14,8,0.9276173343271816,Relative Entropy
14,9,0.6277052571971504,Relative Entropy
15,0,1.157373298222901,Relative Entropy
15,1,1.157373298222901,Relative Entropy
15,2,1.474056825273205,Relative Entropy
15,3,0.9743147528693494,Relative Entropy
15,4,1.5110861760736112,Relative Entropy
15,5,0.9470571522825082,Relative Entropy
15,6,0.7029189307735104,Relative Entropy
15,7,1.157373298222901,Relative Entropy
15,8,0.9840865030829146,Relative Entropy
15,9,0.6019239717322894,Relative Entropy
16,0,1.200684562341244,Relative Entropy
16,1,1.200684562341244,Relative Entropy
16,2,1.4520440731936837,Relative Entropy
16,3,0.9718487712358765,Relative Entropy
16,4,1.5136026783424539,Relative Entropy
16,5,1.0027399543973452,Relative Entropy
16,6,0.677908725644198,Relative Entropy
16,7,1.1217853135747708,Relative Entropy
16,8,1.0176029861159162,Relative Entropy
16,9,0.5783252866601273,Relative Entropy
17,0,1.223575654138956,Relative Entropy
17,1,1.223575654138956,Relative Entropy
17,2,1.4264444338582805,Relative Entropy
17,3,0.9649629230074277,Relative Entropy
17,4,1.4938857262110656,Relative Entropy
17,5,1.036627968858607,Relative Entropy
17,6,0.7298429194806347,Relative Entropy
17,7,1.087856558505821,Relative Entropy
17,8,1.1756286420636592,Relative Entropy
17,9,0.5566469035821068,Relative Entropy
18,0,1.2336841378337724,Relative Entropy
18,1,1.2336841378337724,Relative Entropy
18,2,1.398920393759419,Relative Entropy
18,3,0.9551311954514641,Relative Entropy
18,4,1.4703567266216695,Relative Entropy
18,5,1.0565758044102838,Relative Entropy
18,6,0.708018976056273,Relative Entropy
18,7,1.1184066545611027,Relative Entropy
18,8,1.1882606527098067,Relative Entropy
18,9,0.5366645624845252,Relative Entropy
19,0,1.2353468116280648,Relative Entropy
19,1,1.2353468116280648,Relative Entropy
19,2,1.4320124921730986,Relative Entropy
19,3,0.9433483923290392,Relative Entropy
19,4,1.4702535277519118,Relative Entropy
19,5,1.0670938948757507,Relative Entropy
19,6,0.6874357505033554,Relative Entropy
19,7,1.135900959294373,Relative Entropy
19,8,1.202262257535642,Relative Entropy
19,9,0.5181862130502128,Relative Entropy
20,0,1.231259415507357,Relative Entropy
20,1,1.231259415507357,Relative Entropy
20,2,1.448154046957086,Relative Entropy
20,3,0.9302998331833918,Relative Entropy
20,4,1.448154046957086,Relative Entropy
20,5,1.0710185424099148,Relative Entropy
20,6,0.6680178186607535,Relative Entropy
20,7,1.1445227454191282,Relative Entropy
20,8,1.2704417386050006,Relative Entropy
20,9,0.6189407438569727,Relative Entropy
21,0,1.2124354897014127,Relative Entropy
21,1,1.2734030910209602,Relative Entropy
21,2,1.4245322229637538,Relative Entropy
21,3,0.9164648855394713,Relative Entropy
21,4,1.4245322229637538,Relative Entropy
21,5,1.2072432805590583,Relative Entropy
21,6,0.6496877127476234,Relative Entropy
21,7,1.1906089968458329,Relative Entropy
21,8,1.2498367981128,Relative Entropy
21,9,0.6001660731596457,Relative Entropy
22,0,1.1928702910903024,Relative Entropy
22,1,1.2658321610824836,Relative Entropy
22,2,1.4326578165217017,Relative Entropy
22,3,0.9021825489048647,Relative Entropy
22,4,1.4239032454127063,Relative Entropy
22,5,1.202548864118925,Relative Entropy
22,6,0.6323694730330398,Relative Entropy
22,7,1.219890884548721,Relative Entropy
22,8,1.2568032738161419,Relative Entropy
22,9,0.5825842452160127,Relative Entropy
23,0,1.17295457751597,Relative Entropy
23,1,1.292571837016756,Relative Entropy
23,2,1.410717708669371,Relative Entropy
23,3,0.887694275799104,Relative Entropy
23,4,1.402327911356584,Relative Entropy
23,5,1.1948358322553436,Relative Entropy
23,6,0.6159905783211985,Relative Entropy
23,7,1.2380167995379123,Relative Entropy
23,8,1.2650013752730702,Relative Entropy
23,9,0.5660857389596289,Relative Entropy
24,0,1.1529620681677453,Relative Entropy
24,1,1.2832335567667672,Relative Entropy
24,2,1.43225952491776,Relative Entropy
24,3,0.8731726364245316,Relative Entropy
24,4,1.380139059802829,Relative Entropy
24,5,1.1849533573427233,Relative Entropy
24,6,0.6004829082458254,Relative Entropy
24,7,1.2483055851626557,Relative Entropy
24,8,1.2483055851626559,Relative Entropy
24,9,0.5505734282909341,Relative Entropy
25,0,1.1330848116705192,Relative Entropy
25,1,1.300670814166606,Relative Entropy
25,2,1.411311746882919,Relative Entropy
25,3,0.8587409130062869,Relative Entropy
25,4,1.3796644859194374,Relative Entropy
25,5,1.1735173549838454,Relative Entropy
25,6,0.5857831289187342,Relative Entropy
25,7,1.2529015295346553,Relative Entropy
25,8,1.2309316230479221,Relative Entropy
25,9,0.5359610497090694,Relative Entropy
26,0,1.113457040558234,Relative Entropy
26,1,1.290507289925023,Relative Entropy
26,2,1.4173267984932005,Relative Entropy
26,3,0.8444867347630605,Relative Entropy
26,4,1.3594937122514739,Relative Entropy
26,5,1.1609816602394223,Relative Entropy
26,6,0.5718327393983101,Relative Entropy
26,7,1.2941845428361094,Relative Entropy
26,8,1.213179471972606,Relative Entropy
26,9,0.5221718405002467,Relative Entropy
27,0,1.1595688747491681,Relative Entropy
27,1,1.2788153807115297,Relative Entropy
27,2,1.397854380908261,Relative Entropy
27,3,0.8304717124362917,Relative Entropy
27,4,1.3391071172869518,Relative Entropy
27,5,1.2240836202904763,Relative Entropy
27,6,0.558577924073418,Relative Entropy
27,7,1.2943911524754388,Relative Entropy
27,8,1.221398657786797,Relative Entropy
27,9,0.509137344082687,Relative Entropy
28,0,1.1656420685388706,Relative Entropy
28,1,1.266022470618998,Relative Entropy
28,2,1.400653835245327,Relative Entropy
28,3,0.816738336927131,Relative Entropy
28,4,1.338989337196041,Relative Entropy
28,5,1.2103011139066,Relative Entropy
28,6,0.545969299888879,Relative Entropy
28,7,1.2914936617733463,Relative Entropy
28,8,1.2302827922314998,Relative Entropy
28,9,0.4967963698504464,Relative Entropy
29,0,1.1979540596469644,Relative Entropy
29,1,1.2524510726221292,Relative Entropy
29,2,1.3996380770773302,Relative Entropy
29,3,0.8033149761408755,Relative Entropy
29,4,1.320419073044282,Relative Entropy
29,5,1.1960204571978226,Relative Entropy
29,6,0.533961612789336,Relative Entropy
29,7,1.319610599773624,Relative Entropy
29,8,1.2153360795785588,Relative Entropy
29,9,0.48509409130221154,Relative Entropy
0,0,0.0,Margin
0,1,0.0,Margin
0,2,0.0,Margin
0,3,0.0,Margin
0,4,0.0,Margin
0,5,0.0,Margin
0,6,0.0,Margin
0,7,0.0,Margin
0,8,0.0,Margin
0,9,0.0,Margin
1,0,0.6931471805599453,Margin
1,1,0.6931471805599453,Margin
1,2,0.6931471805599453,Margin
1,3,0.6931471805599453,Margin
1,4,0.6931471805599453,Margin
1,5,0.6931471805599453,Margin
1,6,0.6931471805599453,Margin
1,7,0.6931471805599453,Margin
1,8,0.6931471805599453,Margin
1,9,0.6931471805599453,Margin
2,0,0.6365141682948128,Margin
2,1,1.0986122886681096,Margin
2,2,1.0986122886681096,Margin
2,3,1.0986122886681096,Margin
2,4,1.0986122886681096,Margin
2,5,1.0986122886681096,Margin
2,6,0.6365141682948128,Margin
2,7,1.0986122886681096,Margin
2,8,0.6365141682948128,Margin
2,9,1.0986122886681096,Margin
3,0,0.5623351446188083,Margin
3,1,1.0397207708399179,Margin
3,2,1.3862943611198906,Margin
3,3,1.3862943611198906,Margin
3,4,1.0397207708399179,Margin
3,5,1.3862943611198906,Margin
3,6,0.5623351446188083,Margin
3,7,1.3862943611198906,Margin
3,8,0.5623351446188083,Margin
3,9,1.3862943611198906,Margin
4,0,0.5004024235381879,Margin
4,1,0.9502705392332347,Margin
4,2,1.3321790402101223,Margin
4,3,1.3321790402101223,Margin
4,4,1.0549201679861442,Margin
4,5,1.3321790402101223,Margin
4,6,0.5004024235381879,Margin
4,7,1.3321790402101223,Margin
4,8,0.5004024235381879,Margin
4,9,1.3321790402101223,Margin
5,0,0.45056120886630463,Margin
5,1,0.8675632284814612,Margin
5,2,1.2424533248940002,Margin
5,3,1.3296613488547582,Margin
5,4,1.0114042647073518,Margin
5,5,1.2424533248940002,Margin
5,6,0.45056120886630463,Margin
5,7,1.2424533248940002,Margin
5,8,0.45056120886630463,Margin
5,9,1.2424533248940002,Margin
6,0,0.410116318288409,Margin
6,1,0.796311640173813,Margin
6,2,1.277034259466139,Margin
6,3,1.2770342594661392,Margin
6,4,0.9556998911125343,Margin
6,5,1.277034259466139,Margin
6,6,0.410116318288409,Margin
6,7,1.277034259466139,Margin
6,8,0.410116318288409,Margin
6,9,1.277034259466139,Margin
7,0,0.37677016125643675,Margin
7,1,0.7356219397587946,Margin
7,2,1.2130075659799042,Margin
7,3,1.2130075659799042,Margin
7,4,1.2130075659799042,Margin
7,5,1.2130075659799042,Margin
7,6,0.37677016125643675,Margin
7,7,1.2130075659799042,Margin
7,8,0.37677016125643675,Margin
7,9,1.2130075659799042,Margin
8,0,0.34883209584303193,Margin
8,1,0.6837389058487535,Margin
8,2,1.1490596969706202,Margin
8,3,1.1490596969706204,Margin
8,4,1.1490596969706202,Margin
8,5,1.1490596969706202,Margin
8,6,0.34883209584303193,Margin
8,7,1.1490596969706202,Margin
8,8,0.34883209584303193,Margin
8,9,1.1490596969706202,Margin
9,0,0.3250829733914482,Margin
9,1,0.639031859650177,Margin
9,2,1.0888999753452235,Margin
9,3,1.0888999753452235,Margin
9,4,1.0888999753452238,Margin
9,5,1.0888999753452235,Margin
9,6,0.3250829733914482,Margin
9,7,1.0888999753452235,Margin
9,8,0.3250829733914482,Margin
9,9,1.0888999753452235,Margin
10,0,0.30463609734923813,Margin
10,1,0.6001660731596457,Margin
10,2,1.1685184057430877,Margin
10,3,1.0335620542068176,Margin
10,4,1.0335620542068176,Margin
10,5,1.1685184057430877,Margin
10,6,0.30463609734923813,Margin
10,7,1.0335620542068176,Margin
10,8,0.30463609734923813,Margin
10,9,1.0335620542068176,Margin
11,0,0.2868359830561607,Margin
11,1,0.5660857389596289,Margin
11,2,1.198849312913621,Margin
11,3,0.9830877585747855,Margin
11,4,1.2342678660790765,Margin
11,5,1.198849312913621,Margin
11,6,0.2868359830561607,Margin
11,7,0.9830877585747855,Margin
11,8,0.2868359830561607,Margin
11,9,0.9830877585747855,Margin
12,0,0.2711893730418441,Margin
12,1,0.5359610497090694,Margin
12,2,1.2047933096947843,Margin
12,3,0.9371558530657009,Margin
12,4,1.3038755293363848,Margin
12,5,1.2047933096947843,Margin
12,6,0.2711893730418441,Margin
12,7,0.937155853065701,Margin
12,8,0.2711893730418441,Margin
12,9,0.937155853065701,Margin
13,0,0.25731864054383163,Margin
13,1,0.509137344082687,Margin
13,2,1.1973401339967782,Margin
13,3,0.8953326659680909,Margin
13,4,1.3316643102930148,Margin
13,5,1.1973401339967782,Margin
13,6,0.25731864054383163,Margin
13,7,0.8953326659680909,Margin
13,8,0.25731864054383163,Margin
13,9,0.8953326659680909,Margin
14,0,0.24493002679463532,Margin
14,1,0.48509409130221154,Margin
14,2,1.1822230016451067,Margin
14,3,0.857174043642079,Margin
14,4,1.3378606778364337,Margin
14,5,1.1822230016451067,Margin
14,6,0.24493002679463532,Margin
14,7,0.857174043642079,Margin
14,8,0.24493002679463532,Margin
14,9,0.857174043642079,Margin
15,0,0.2337916587064593,Margin
15,1,0.4634135588264299,Margin
15,2,1.1626998334975678,Margin
15,3,0.8222653373287878,Margin
15,4,1.3316602868224323,Margin
15,5,1.1626998334975678,Margin
15,6,0.2337916587064593,Margin
15,7,0.8222653373287878,Margin
15,8,0.2337916587064593,Margin
15,9,0.8222653373287878,Margin
16,0,0.22371807606583377,Margin
16,1,0.44375728426014843,Margin
16,2,1.1407201964134568,Margin
16,3,0.7902347553432827,Margin
16,4,1.3180238017106034,Margin
16,5,1.1407201964134568,Margin
16,6,0.22371807606583377,Margin
16,7,0.9976148641399869,Margin
16,8,0.22371807606583377,Margin
16,9,0.7902347553432828,Margin
17,0,0.2145591551764051,Margin
17,1,0.4258484492385814,Margin
17,2,1.117489959423154,Margin
17,3,0.760755259244303,Margin
17,4,1.2998697330131495,Margin
17,5,1.117489959423154,Margin
17,6,0.2145591551764051,Margin
17,7,0.9608919796672832,Margin
17,8,0.2145591551764051,Margin
17,9,0.8838756262717338,Margin
18,0,0.20619205063323187,Margin
18,1,0.40945861869508926,Margin
18,2,1.0937704472491416,Margin
18,3,0.7335417487636489,Margin
18,4,1.2790075192745578,Margin
18,5,1.0937704472491416,Margin
18,6,0.20619205063323187,Margin
18,7,0.9269075593909926,Margin
18,8,0.20619205063323187,Margin
18,9,0.9430456700020091,Margin
19,0,0.1985152433458726,Margin
19,1,0.39439769144744274,Margin
19,2,1.070047314690476,Margin
19,3,0.7083465777061714,Margin
19,4,1.256597943527338,Margin
19,5,1.070047314690476,Margin
19,6,0.1985152433458726,Margin
19,7,0.8953799046713389,Margin
19,8,0.1985152433458726,Margin
19,9,0.9819416009240196,Margin
20,0,0.19144408195771734,Margin
20,1,0.3805062184775959,Margin
20,2,1.0466304865832219,Margin
20,3,0.6849547610531581,Margin
20,4,1.2334026122735402,Margin
20,5,1.0466304865832219,Margin
20,6,0.19144408195771734,Margin
20,7,0.978172831115188,Margin
20,8,0.19144408195771734,Margin
20,9,1.007483124852453,Margin
21,0,0.18490739916777568,Margin
21,1,0.36764947740014225,Margin
21,2,1.023715506836125,Margin
21,3,0.6631794532105497,Margin
21,4,1.2099282076633542,Margin
21,5,1.023715506836125,Margin
21,6,0.18490739916777568,Margin
21,7,0.9485875316275759,Margin
21,8,0.18490739916777568,Margin
21,9,1.023715506836125,Margin
22,0,0.17884491271684755,Margin
22,1,0.355712859746894,Margin
22,2,1.0014223119682,Margin
22,3,0.6428579130907905,Margin
22,4,1.1865139897568415,Margin
22,5,1.0014223119682,Margin
22,6,0.17884491271684755,Margin
22,7,0.9208326693554343,Margin
22,8,0.17884491271684755,Margin
22,9,1.0332330397766687,Margin
23,0,0.1732052067491771,Margin
23,1,0.3445982481028228,Margin
23,2,0.9798203223053885,Margin
23,3,0.623848004006291,Margin
23,4,1.1633868698684848,Margin
23,5,0.9798203223053885,Margin
23,6,0.1732052067491771,Margin
23,7,0.8947504818324978,Margin
23,8,0.1732052067491771,Margin
23,9,1.0377968161163391,Margin
24,0,0.167944147734173,Margin
24,1,0.33422114621338295,Margin
24,2,0.9589449955752118,Margin
24,3,0.6060252027357298,Margin
24,4,1.1406971041033727,Margin
24,5,0.9589449955752118,Margin
24,6,0.167944147734173,Margin
24,7,0.8701986518121149,Margin
24,8,0.167944147734173,Margin
24,9,1.0386495367023671,Margin
25,0,0.16302362949436594,Margin
25,1,0.3245083869310707,Margin
25,2,0.9388089216582554,Margin
25,3,0.589280063598296,Margin
25,4,1.1185419833660886,Margin
25,5,0.9388089216582554,Margin
25,6,0.16302362949436594,Margin
25,7,0.8470490690476512,Margin
25,8,0.16302362949436594,Margin
25,9,1.0366931942499311,Margin
26,0,0.15841057013179086,Margin
26,1,0.3153962874226617,Margin
26,2,0.9194093542036186,Margin
26,3,0.5735160760972796,Margin
26,4,1.0969818674730853,Margin
26,5,0.9194093542036186,Margin
26,6,0.15841057013179086,Margin
26,7,0.8251864988031563,Margin
26,8,0.15841057013179086,Margin
26,9,1.0325967175264794,Margin
27,0,0.15407610367102942,Margin
27,1,0.30682915344097056,Margin
27,2,0.9007333751519686,Margin
27,3,0.5586478569798259,Margin
27,4,1.076051215408677,Margin
27,5,0.9007333751519686,Margin
27,6,0.15407610367102942,Margin
27,7,0.8045072710279636,Margin
27,8,0.15407610367102942,Margin
27,9,1.0268646599760656,Margin
28,0,0.14999492361041503,Margin
28,1,0.2987580581893401,Margin
28,2,0.8827614628289553,Margin
28,3,0.5445996236821669,Margin
28,4,1.0557662766541274,Margin
28,5,0.8827614628289553,Margin
28,6,0.14999492361041503,Margin
28,7,0.7849180476206041,Margin
28,8,0.14999492361041503,Margin
28,9,1.0198828073961346,Margin
29,0,0.1461447460085638,Margin
29,1,0.29113983883196504,Margin
29,2,0.8654699693728186,Margin
29,3,0.5313039033395413,Margin
29,4,1.036130514706507,Margin
29,5,0.8654699693728186,Margin
29,6,0.1461447460085638,Margin
29,7,0.7663346933091395,Margin
29,8,0.1461447460085638,Margin
29,9,1.011949427571039,Margin
0,0,0.0,Random
0,1,0.0,Random
0,2,0.0,Random
0,3,0.0,Random
0,4,0.0,Random
0,5,0.0,Random
0,6,0.0,Random
0,7,0.0,Random
0,8,0.0,Random
0,9,0.0,Random
1,0,0.0,Random
1,1,0.6931471805599453,Random
1,2,0.6931471805599453,Random
1,3,0.0,Random
1,4,0.6931471805599453,Random
1,5,0.0,Random
1,6,0.0,Random
1,7,0.0,Random
1,8,0.6931471805599453,Random
1,9,0.6931471805599453,Random
2,0,0.6365141682948128,Random
2,1,0.6365141682948128,Random
2,2,0.6365141682948128,Random
2,3,0.6365141682948128,Random
2,4,1.0986122886681096,Random
2,5,0.6365141682948128,Random
2,6,0.6365141682948128,Random
2,7,0.6365141682948128,Random
2,8,0.6365141682948128,Random
2,9,1.0986122886681096,Random
3,0,1.0397207708399179,Random
3,1,0.5623351446188083,Random
3,2,1.0397207708399179,Random
3,3,0.6931471805599453,Random
3,4,1.3862943611198906,Random
3,5,0.5623351446188083,Random
3,6,0.6931471805599453,Random
3,7,1.0397207708399179,Random
3,8,1.0397207708399179,Random
3,9,1.0397207708399179,Random
4,0,1.3321790402101223,Random
4,1,0.5004024235381879,Random
4,2,1.0549201679861442,Random
4,3,1.0549201679861442,Random
4,4,1.6094379124341005,Random
4,5,0.5004024235381879,Random
4,6,0.6730116670092565,Random
4,7,1.0549201679861442,Random
4,8,1.3321790402101223,Random
4,9,0.9502705392332347,Random
5,0,1.2424533248940002,Random
5,1,0.8675632284814613,Random
5,2,1.0114042647073518,Random
5,3,1.0114042647073518,Random
5,4,1.5607104090414068,Random
5,5,0.45056120886630463,Random
5,6,0.6931471805599453,Random
5,7,1.0986122886681096,Random
5,8,1.2424533248940002,Random
5,9,1.2424533248940002,Random
6,0,1.475076311054695,Random
6,1,1.1537419427010902,Random
6,2,1.0789922078775833,Random
6,3,0.9556998911125343,Random
6,4,1.549826045878202,Random
6,5,0.7963116401738131,Random
6,6,0.6829081047004717,Random
6,7,1.351783994289646,Random
6,8,1.4750763110546947,Random
6,9,1.475076311054695,Random
7,0,1.4941751382893085,Random
7,1,1.2130075659799042,Random
7,2,1.3208883431493221,Random
7,3,1.2130075659799042,Random
7,4,1.559581156259877,Random
7,5,0.7356219397587946,Random
7,6,0.6615632381579821,Random
7,7,1.320888343149322,Random
7,8,1.4941751382893083,Random
7,9,1.4941751382893085,Random
8,0,1.5229550675313182,Random
8,1,1.2730283365896256,Random
8,2,1.310783678099714,Random
8,3,1.1490596969706202,Random
8,4,1.5229550675313182,Random
8,5,0.6837389058487535,Random
8,6,0.6365141682948128,Random
8,7,1.310783678099714,Random
8,8,1.5229550675313184,Random
8,9,1.6769877743224173,Random
9,0,1.5047882836811908,Random
9,1,1.2206072645530175,Random
9,2,1.5047882836811908,Random
9,3,1.0888999753452238,Random
9,4,1.504788283681191,Random
9,5,0.639031859650177,Random
9,6,0.8979457248567798,Random
9,7,1.313834033192747,Random
9,8,1.4708084763221114,Random
9,9,1.6094379124341,Random
10,0,1.4681399390162087,Random
10,1,1.2882523050229002,Random
10,2,1.4681399390162084,Random
10,3,1.0335620542068176,Random
10,4,1.4681399390162087,Random
10,5,0.8855741515766717,Random
10,6,0.8599672810355049,Random
10,7,1.2945451658448959,Random
10,8,1.4681399390162087,Random
10,9,1.540305825226517,Random
11,0,1.4451858789480823,Random
11,1,1.2424533248940002,Random
11,2,1.4241299173467734,Random
11,3,1.1187433359857524,Random
11,4,1.4241299173467734,Random
11,5,0.9830877585747855,Random
11,6,0.8239592165010823,Random
11,7,1.4735023850806486,Random
11,8,1.5171063970610277,Random
11,9,1.4735023850806486,Random
12,0,1.412744636863848,Random
12,1,1.1972375015579317,Random
12,2,1.412744636863848,Random
12,3,1.1972375015579317,Random
12,4,1.438882950216986,Random
12,5,1.0317671113505356,Random
12,6,0.7902679680745903,Random
12,7,1.438882950216986,Random
12,8,1.4791328074296435,Random
12,9,1.4105135571148382,Random
13,0,1.3904377949394802,Random
13,1,1.1537419427010902,Random
13,2,1.3760552852604169,Random
13,3,1.1537419427010902,Random
13,4,1.4327570529970874,Random
13,5,1.1163670752893369,Random
13,6,0.8921178708188161,Random
13,7,1.4327570529970877,Random
13,8,1.470131920408841,Random
13,9,1.4306853360872929,Random
14,0,1.4502523446634912,Random
14,1,1.3217558399823197,Random
14,2,1.4019454593787286,Random
14,3,1.194453006323357,Random
14,4,1.4019454593787286,Random
14,5,1.0775733728921972,Random
14,6,1.0775733728921972,Random
14,7,1.4019454593787288,Random
14,8,1.450252344663491,Random
14,9,1.3792922544726758,Random
15,0,1.4244427785036178,Random
15,1,1.3862943611198906,Random
15,2,1.4075317407193153,Random
15,3,1.2130075659799042,Random
15,4,1.4614721293040243,Random
15,5,1.040839837423239,Random
15,6,1.2440166957928942,Random
15,7,1.3917397695183338,Random
15,8,1.474056825273205,Random
15,9,1.3306600933628874,Random
16,0,1.4053484997634842,Random
16,1,1.4161396803619404,Random
16,2,1.3795824068593736,Random
16,3,1.2530462261125415,Random
16,4,1.4520440731936837,Random
16,5,1.0062145659440809,Random
16,6,1.2033320406994703,Random
16,7,1.3745691971890992,Random
16,8,1.4520440731936837,Random
16,9,1.28487876782417,Random
17,0,1.4357470435705602,Random
17,1,1.4270610433807247,Random
17,2,1.350044689985175,Random
17,3,1.2589910288554198,Random
17,4,1.4609707477218157,Random
17,5,0.9736489231972634,Random
17,6,1.2449537211212138,Random
17,7,1.3532737176317282,Random
17,8,1.4357470435705602,Random
17,9,1.2418892652969198,Random
18,0,1.4479871140961187,Random
18,1,1.4576423809473689,Random
18,2,1.3534969086354538,Random
18,3,1.2566379067490068,Random
18,4,1.4585847528070077,Random
18,5,1.1285962936622183,Random
18,6,1.2672355454598958,Random
18,7,1.415277974646454,Random
18,8,1.4934105992200841,Random
18,9,1.2015591547737916,Random
19,0,1.4305622903362423,Random
19,1,1.487798380001651,Random
19,2,1.327362863420189,Random
19,3,1.2968441295132072,Random
19,4,1.4406300471115867,Random
19,5,1.094408629847781,Random
19,6,1.2772884056482265,Random
19,7,1.3994886078590607,Random
19,8,1.4737146012040094,Random
19,9,1.2706817223249798,Random
20,0,1.4171789190389545,Random
20,1,1.4588954504075144,Random
20,2,1.336455755801186,Random
20,3,1.2770342594661392,Random
20,4,1.4725421027837788,Random
20,5,1.0621922547835259,Random
20,6,1.3418952129979385,Random
20,7,1.3807588851543706,Random
20,8,1.5040512019194199,Random
20,9,1.310686555367963,Random
21,0,1.4006617632480733,Random
21,1,1.4297244321061082,Random
21,2,1.3377348363780972,Random
21,3,1.4038946468399995,Random
21,4,1.4676354403160272,Random
21,5,1.0318204422829809,Random
21,6,1.3134893265366432,Random
21,7,1.4006617632480736,Random
21,8,1.4901010815445463,Random
21,9,1.2757690270397417,Random
22,0,1.3875578475605919,Random
22,1,1.4486099965368104,Random
22,2,1.3408796582438176,Random
22,3,1.4239032454127063,Random
22,4,1.451619625625591,Random
22,5,1.003165921017814,Random
22,6,1.3522024204960525,Random
22,7,1.3821088226677314,Random
22,8,1.4731084998441746,Random
22,9,1.338872053314866,Random
23,0,1.3721361080536076,Random
23,1,1.457205948526498,Random
23,2,1.33859761973205,Random
23,3,1.402327911356584,Random
23,4,1.4706181572039005,Random
23,5,1.0408500236214475,Random
23,6,1.3753433356214262,Random
23,7,1.3622749228926496,Random
23,8,1.454122149825374,Random
23,9,1.3767266534724054,Random
24,0,1.355161622109057,Random
24,1,1.4667813736119737,Random
24,2,1.332431411074881,Random
24,3,1.414098457928856,Random
24,4,1.454158024146426,Random
24,5,1.0150318786859958,Random
24,6,1.380139059802829,Random
24,7,1.355161622109057,Random
24,8,1.473927788427523,Random
24,9,1.3455032963631364,Random
25,0,1.345314079115102,Random
25,1,1.4445058321658166,Random
25,2,1.3191757657619638,Random
25,3,1.4187580216106572,Random
25,4,1.4508365670190502,Random
25,5,1.0856968066493662,Random
25,6,1.4035673185941924,Random
25,7,1.412744636863848,Random
25,8,1.4937487884256289,Random
25,9,1.3702636999021804,Random
26,0,1.4025539662752262,Random
26,1,1.449291473210065,Random
26,2,1.3224015213092795,Random
26,3,1.5246219983494607,Random
26,4,1.5041682138864356,Random
26,5,1.0608569471580214,Random
26,6,1.3825112548271639,Random
26,7,1.3947203289324732,Random
26,8,1.5041682138864356,Random
26,9,1.341851525522056,Random
27,0,1.3904377949394802,Random
27,1,1.44907808755149,Random
27,2,1.3216003817174242,Random
27,3,1.52171823679305,Random
27,4,1.4884229622788607,Random
27,5,1.037129268358,Random
27,6,1.3613026047706527,Random
27,7,1.376055285260417,Random
27,8,1.488422962278861,Random
27,9,1.3586467847926214,Random
28,0,1.3769349645574438,Random
28,1,1.4451682050376644,Random
28,2,1.3104712552395965,Random
28,3,1.520246523685813,Random
28,4,1.4938733957004244,Random
28,5,1.1035578599174534,Random
28,6,1.378079779330668,Random
28,7,1.370341789979532,Random
28,8,1.500816676235145,Random
28,9,1.3842283510489726,Random
29,0,1.3624474851916286,Random
29,1,1.4384910487920632,Random
29,2,1.3082839973205975,Random
29,3,1.5040164832101288,Random
29,4,1.4945285542516789,Random
29,5,1.1492659270992873,Random
29,6,1.432078720657547,Random
29,7,1.3532930813373123,Random
29,8,1.4852342973411496,Random
29,9,1.3595432673791257,Random
